KN012_Gourmet_1-1-1-01	［グルメ］烏丸六角のおかき屋さん				
KN012_Gourmet_1-1-2-01	六角堂の前にある、蕪村庵というお店に行ってきた。				
KN012_Gourmet_1-1-3-01	おかきやせんべいの店なのだが、これがオイシイ。	[著者]	オイシイ	批評＋	おかきやせんべい
KN012_Gourmet_1-1-4-01	のれんをくぐると小さな庭があり、その先に町屋風の店内がある。				
KN012_Gourmet_1-1-5-01	せんべいの箱はデパートみたいな山積みではなく、間隔をあけて陳列されているのがまた良い。	[著者]	間隔をあけて陳列されているのがまた良い	メリット＋	間隔をあけて陳列されているの
KN012_Gourmet_1-1-6-01	さて、このおせんべい、普通に買うと１５枚入りの箱で７３５円と高価なのだが、毎週木曜はお得な日。	[著者]	お得な日	批評＋	木曜
KN012_Gourmet_1-1-7-01	割れたりして商品にならない製品のまじった「無選別」販売があるのだ。				
KN012_Gourmet_1-1-8-01	一袋２００ｇほどで価格は３００円。				
KN012_Gourmet_1-1-9-01	夕方には売切れてしまうので、欲しい人は早めの時間に買いに行ったほうがいい。	[著者]	欲しい人は早めの時間に買いに行ったほうがいい	当為	[蕪村庵]
KN012_Gourmet_2-1-1-01	［グルメ］河原町の居酒屋				
KN012_Gourmet_2-1-2-01	この間先輩たちにつれられ、河原町の居酒屋へ行ってきました。				
KN012_Gourmet_2-1-3-01	ｈｔｔｐ：／／ｗｗｗ．ｈｏｔｐｅｐｐｅｒ．ｊｐ／Ａ＿２０１００／ｓｔｒＪ００００５６９３７．ｈｔｍｌ				
KN012_Gourmet_2-1-4-01	居酒屋、と聞くと酒臭いおじさんばかりのイメージだったのですが、まったくそんなことはなく、うまい一品料理とオシャレなカクテルの、雰囲気のいい店なんですね。	[著者]\n[著者]\n[著者]	うまい一品料理\nオシャレなカクテル\n雰囲気のいい店なんですね	批評＋\n批評＋\n批評＋	一品料理\nカクテル\n雰囲気
KN012_Gourmet_2-1-5-01	結局同じような店を２軒はしごしましたが、いつまででも話のねたは尽きることなく、一晩中話し続けました。				
KN012_Gourmet_2-1-6-01	どちらも２万５千ぐらいかかりましたが、全部おごってもらいましたｗ	[著者]	全部おごってもらいましたｗ	出来事＋	[不定]
KN012_Gourmet_2-1-7-01	やっぱり学生時代、いろんなひとといろんな話を飽きるほどしたいものです。				
KN012_Gourmet_2-1-8-01	このような居酒屋は不可欠ですね。	[著者]	不可欠ですね	批評＋	このような居酒屋[河原町の居酒屋]
KN012_Gourmet_2-1-9-01	おじさんになってもおそらくは上司との付き合いや同僚と語る場として、一生お世話になるのかもしれません。	[著者]	上司との付き合いや同僚と語る場として、一生お世話になるのかもしれません	メリット＋	[河原町の居酒屋]
KN012_Gourmet_2-1-10-01	居酒屋よろしく。	[著者]	居酒屋よろしく。	当為	[不定]
KN012_Gourmet_2-1-11-01	それではまた。				
KN012_Gourmet_3-1-1-01	［グルメ］ちょっと贅沢				
KN012_Gourmet_3-1-2-01	ほんのちょこっとなんだけど、贅沢したいときに何をしますか？				
KN012_Gourmet_3-1-3-01	私は「冬季限定白バラココア・オレ」を買います。				
KN012_Gourmet_3-1-4-01	初めてバンホーテンココアを飲んだときも衝撃でしたが、これは何度飲んでも衝撃です。	[著者]\n[著者]	衝撃でした\n衝撃です	感情＋\n感情＋	バンホーテンココア\n[冬季限定白バラココア・オレ]
KN012_Gourmet_3-1-5-01	なんでこんなに味わいが違うのでしょうか。				
KN012_Gourmet_3-1-6-01	不思議です。				
KN012_Gourmet_3-1-7-01	白バラのただの牛乳はあんまり味の違いがわからなかったです。	[著者]	あんまり味の違いがわからなかったです	批評−	白バラのただの牛乳
KN012_Gourmet_3-1-8-01	残念。	[著者]	残念。	感情−	[白バラのただの牛乳]
KN012_Gourmet_3-1-9-01	あれよりかは特濃ミルクのほうがいいね。	[著者]	いいね	批評＋	特濃ミルク
KN012_Gourmet_3-1-10-01	ちなみに、オレンジジュースはどこのがお好きですか？				
KN012_Gourmet_3-1-11-01	９９のやつよりは業務用のが、業務用のよりは平和堂のが、平和堂のよりはセブンイレブンのホームメイドテイストが、セブイレのよりはトロピカーナですかね。	[著者]\n[著者]\n[著者]\n[著者]	９９のやつよりは業務用の\n業務用のよりは平和堂の\n平和堂のよりはセブンイレブンのホームメイドテイスト\nセブイレのよりはトロピカーナですかね	批評＋\n批評＋\n批評＋\n批評＋	業務用の[オレンジジュース]\n平和堂の[オレンジジュース]\nセブンイレブンのホームメイドテイスト\nトロピカーナ
KN012_Gourmet_3-1-12-01	うーん、グルメですねぇ。				
KN012_Gourmet_4-1-1-01	［グルメ］食欲の秋				
KN012_Gourmet_4-1-2-01	最近おなかが減って仕方ありませんか。				
KN012_Gourmet_4-1-3-01	仕方ありませんね。				
KN012_Gourmet_4-1-4-01	私はいつも昼食をとるにあたって、いかに安く大量にバランスよく食うか、しか考えてません。				
KN012_Gourmet_4-1-5-01	値段が５００円を超えると反則ですね。	[著者]	反則ですね	批評−	値段が５００円を超える
KN012_Gourmet_4-1-6-01	中華のバンにはお世話になってます。	[著者]	中華のバンにはお世話になってます	採否＋	中華のバン
KN012_Gourmet_4-1-7-01	食堂でもカツどんＬにサラダバー５０グラムをつけたりしてます。				
KN012_Gourmet_4-1-8-01	ジェイムズキッチンも毎回クーポン券がもらえるのでお勧めですよ。	[著者]	お勧めですよ	当為	ジェイムズキッチン
KN012_Gourmet_4-1-9-01	いまからご飯食べに行きます。				
KN012_Gourmet_4-1-10-01	今日は米持参なもんで、おかず何にしようか考え中です。				
KN012_Gourmet_4-1-11-01	それじゃあまた。				
KN012_Gourmet_5-1-1-01	［グルメ］季節限定ものって…				
KN012_Gourmet_5-1-2-01	１０月といえば秋本番である。				
KN012_Gourmet_5-1-3-01	栗や秋刀魚、きのこなど旬の味覚がどこのスーパーでも安く売られている。	[著者]	安く売られている	メリット＋	スーパー
KN012_Gourmet_5-1-4-01	また、レストランに行けば旬の食べ物をふんだんに使った季節限定メニューが必ず用意されている。	[著者]	旬の食べ物をふんだんに使った季節限定メニューが必ず用意されている	メリット＋	レストラン
KN012_Gourmet_5-1-5-01	しかし、ハウス栽培や輸入が主流となってしまった現代では、「季節限定の味覚」といわれてもあまりありがたみを感じない、というのが正直なところである。	[著者]	「季節限定の味覚」といわれてもあまりありがたみを感じない、というのが正直なところである	批評−	現代
KN012_Gourmet_5-1-6-01	どんな食べ物でも大体簡単に手に入る一方、これっていつが旬だったっけ？と思うような食べ物も少なくない。				
KN012_Gourmet_5-1-7-01	便利だ、思い立ったときに好きなものが食べられる、というメリットと同時に、せっかくの四季の感覚を忘れてしまった、という悲しさを感じる。	[著者]\n[著者]	便利だ、思い立ったときに好きなものが食べられる、というメリット\n悲しさを感じる	メリット＋\n感情−	[現代]\n[現代]
KN012_Gourmet_5-1-8-01	これでいいのだろうか？と思いつつ便利なものには逆らえないのが辛いところだ。	[著者]	辛いところだ	感情−	便利なものには逆らえない
KN012_Gourmet_5-1-9-01	余談であるが、私はつい最近「秋」をビビッドに感じる体験をした。				
KN012_Gourmet_5-1-10-01	カンフォーラに友人とランチを食べに行った際、レジ際に置いてある栗を何気なく触って、見事に刺されてしまったのである。	[著者]	レジ際に置いてある栗を何気なく触って、見事に刺されてしまったのである	出来事−	レジ際に置いてある栗
KN012_Gourmet_5-1-11-01	その日の間ずっとちくちくと痛んだが、おかげで小さい頃によく拾って遊んでいたことや、剥いて料理したことを鮮明に思い出すことができた。	[著者]	小さい頃によく拾って遊んでいたことや、剥いて料理したことを鮮明に思い出すことができた	出来事＋	[レジ際に置いてある栗]
KN012_Gourmet_5-1-12-01	よい体験…だったのであろうか？				
KN012_Gourmet_6-1-1-01	［グルメ］百万遍付近のカフェ				
KN012_Gourmet_6-1-2-01	＜＜学士堂＞＞				
KN012_Gourmet_6-1-3-01	ここはね、週に３回とか行ってた時もあったけど結構空いてる笑	[著者]	結構空いてる笑	メリット＋	[学士堂]
KN012_Gourmet_6-1-4-01	常連さんか観光客が来てる気がした。				
KN012_Gourmet_6-1-5-01	大学のすぐ近くだけど学生さんはあんまりいないかな・・・				
KN012_Gourmet_6-1-6-01	レトロで綺麗なお庭があります。	[著者]	レトロで綺麗なお庭があります	メリット＋	お庭
KN012_Gourmet_6-1-7-01	ここはこじんまりしてて居心地いいけど、女の子から見てもＦｏｏｄは量が少ない。	[著者]\n[著者]\n[著者]	こじんまりしてて\n居心地いい\nＦｏｏｄは量が少ない	メリット＋\n批評＋\nメリット−	[学士堂]\n[学士堂]\nＦｏｏｄ
KN012_Gourmet_6-1-8-01	人が少ないからゆっくり本読んだり出来るけど、照明はお洒落でチョイ暗めです。	[著者]\n[著者]\n[著者]	ゆっくり本読んだり出来る\n照明はお洒落\nチョイ暗めです	メリット＋\n批評＋\nメリット−	[学士堂]\n[学士堂]\n照明
KN012_Gourmet_6-1-9-01	場所：百万遍を少し北に行ったら右側にある				
KN012_Gourmet_6-1-10-01	味：☆☆☆				
KN012_Gourmet_6-1-11-01	量：☆				
KN012_Gourmet_6-1-12-01	値段：☆☆☆				
KN012_Gourmet_6-1-13-01	雰囲気：☆☆☆☆				
KN012_Gourmet_6-1-14-01	＜＜進々堂＞＞				
KN012_Gourmet_6-1-15-01	結構教授とか、大学の人とかでにぎわっていて、知的な会話が繰り広げられています。	[著者]	知的な会話が繰り広げられています	メリット＋	[進々堂]
KN012_Gourmet_6-1-16-01	まだ４，５回しか行ったことないけど。				
KN012_Gourmet_6-1-17-01	大きな木の机ですごくくつろげます。	[著者]	すごくくつろげます	メリット＋	大きな木の机
KN012_Gourmet_6-1-18-01	今調べたら「人間国宝・黒田辰秋の手による樫材の長いテーブル」だそうですよ！！	[不定]	「人間国宝・黒田辰秋の手による樫材の長いテーブル」だ	メリット＋	テーブル
KN012_Gourmet_6-1-19-01	行ってみた人は是非外にあるトイレを借りてください♪	[著者]	外にあるトイレを借りてください♪	当為	[進々堂]
KN012_Gourmet_6-1-20-01	確か綺麗なお庭が見れたはず…	[著者]	綺麗なお庭が見れたはず…	メリット＋	[進々堂]
KN012_Gourmet_6-1-21-01	結構居座れると思います。	[著者]	結構居座れると思います	メリット＋	[進々堂]
KN012_Gourmet_6-1-22-01	込んできたら合い席ですけど☆	[著者]	込んできたら合い席ですけど☆	メリット−	[進々堂]
KN012_Gourmet_6-1-23-01	ここもＦｏｏｄの量は少なかったなー	[著者]	Ｆｏｏｄの量は少なかったなー	メリット−	Ｆｏｏｄの量
KN012_Gourmet_6-1-23-02	パンメインでカレーとか				
KN012_Gourmet_6-1-24-01	でも一度行ったら気に入るお店だと思います。	[著者]	一度行ったら気に入るお店だと思います	批評＋	[進々堂]
KN012_Gourmet_6-1-25-01	場所：京都市左京区百万遍京都大学北門前				
KN012_Gourmet_6-1-26-01	味：☆☆☆☆				
KN012_Gourmet_6-1-27-01	量：☆				
KN012_Gourmet_6-1-28-01	値段：☆☆				
KN012_Gourmet_6-1-29-01	雰囲気：☆☆☆☆				
KN012_Gourmet_6-1-30-01	＊これはすごーく個人的な評価なので・・・				
KN012_Gourmet_6-1-31-01	☆の基準も毎回変わるかも（＾＾；）				
KN012_Gourmet_7-1-1-01	［グルメ］京都のカフェが沢山載ってるＨＰ見つけたっ♪				
KN012_Gourmet_7-1-2-01	ｈｔｔｐ：／／ｗｗｗ．ｋｙｏｔｏ−ｔｖ．ｃｏｍ／				
KN012_Gourmet_7-1-3-01	いっぱい行ってみたいなー	[著者]	いっぱい行ってみたいなー	感情＋	[京都のカフェ]
KN012_Gourmet_7-1-4-01	最近私がはまって週に３回も行ってしまったのが、ＤＥＭＯＤＥっていうお店★★	[著者]	最近私がはまって	採否＋	ＤＥＭＯＤＥ
KN012_Gourmet_7-1-5-01	カフェっていうよりか、晩御飯目当てで行ったんだけどね☆				
KN012_Gourmet_7-1-6-01	ロコモコがとっても美味しいです〓〓〓	[著者]	とっても美味しいです	批評＋	[ＤＥＭＯＤＥ]
KN012_Gourmet_7-1-7-01	場所は河原町ＯＰＡの裏らへん。				
KN012_Gourmet_7-1-8-01	二階が特におしゃれでお勧め！	[著者]\n[著者]	特におしゃれ\nお勧め！	批評＋\n当為	二階\n二階
KN012_Gourmet_7-1-9-01	あとはｂｏｏｇａｌｏｏ　ｃａｆｅ’もお洒落。	[著者]	お洒落	批評＋	ｂｏｏｇａｌｏｏ　ｃａｆｅ’
KN012_Gourmet_7-1-10-01	三店舗行ったことがあるけど、支店こんなにあるんだーって感じ。				
KN012_Gourmet_7-1-11-01	ｃａｆｆｅ　ｃｏｓｔａもいい感じ。	[著者]	いい感じ	批評＋	ｃａｆｆｅ　ｃｏｓｔａ
KN012_Gourmet_7-1-12-01	一回友達とディナーしただけやけど。				
KN012_Gourmet_7-1-13-01	一番最近行ったのがＣａｆｅ＆Ｃａｆｅ　Ｓｕｇａｒｙ				
KN012_Gourmet_7-1-14-01	ホットペーパーを使ったら半額近くでディナー食べれた☆	[著者]	半額近くでディナー食べれた☆	メリット＋	[Ｃａｆｅ＆Ｃａｆｅ　Ｓｕｇａｒｙ]
KN012_Gourmet_7-1-15-01	このお店がある建物が木造ですごく素敵（＞▽＜）	[著者]	すごく素敵（＞▽＜）	批評＋	このお店がある建物
KN012_Gourmet_7-1-16-01	うーん、あと、だいぶ前に行ったｎｅｕｔｏｒｏｎがギャラリーっぽくて素敵やったよ☆	[著者]	ギャラリーっぽくて素敵やったよ☆	批評＋	ｎｅｕｔｏｒｏｎ
KN012_Gourmet_7-1-16-02	←多分違う				
KN012_Gourmet_7-1-17-01	でも、一番よく行くのは中学のときも行ってたベローチェかな♪	[著者]	一番よく行くの	採否＋	ベローチェ
KN012_Gourmet_7-1-18-01	そしてそして！！				
KN012_Gourmet_7-1-19-01	一番のお気に入りは三条御幸町にあるｃａｆｅ　ｉｎｄｅｐｅｎｄｅｎｔ！！！！	[著者]	一番のお気に入り	批評＋	ｃａｆｅ　ｉｎｄｅｐｅｎｄｅｎｔ
KN012_Gourmet_7-1-20-01	地下にあるんやけど、雰囲気めっちゃいい！	[著者]	雰囲気めっちゃいい！	批評＋	雰囲気
KN012_Gourmet_7-1-21-01	イベントやってることも多くて、白壁に映像が映し出されて、生演奏聴きながら、ふんふん美味しいｄｉｎｎｅｒをつまめます。	[著者]\n[著者]	美味しい\nふんふん美味しいｄｉｎｎｅｒをつまめます	批評＋\nメリット＋	[ｃａｆｅ　ｉｎｄｅｐｅｎｄｅｎｔ]\n[ｃａｆｅ　ｉｎｄｅｐｅｎｄｅｎｔ]
KN012_Gourmet_7-1-22-01	ここは料理も美味しいんです。	[著者]	料理も美味しいんです	メリット＋	[ｃａｆｅ　ｉｎｄｅｐｅｎｄｅｎｔ]
KN012_Gourmet_7-1-23-01	続けて行きたくなるとこです★	[著者]	続けて行きたくなるとこです	感情＋	[ｃａｆｅ　ｉｎｄｅｐｅｎｄｅｎｔ]
KN012_Gourmet_8-1-1-01	［グルメ］　■■■				
KN012_Gourmet_8-1-2-01	部活の打ち上げで「■■■」という四条柳馬場にある雰囲気のいい、お店に行きました。	[著者]	雰囲気のいい、お店	批評＋	雰囲気
KN012_Gourmet_8-1-3-01	私たちは女の子といえども運動しているので食べるのなんの・・・。				
KN012_Gourmet_8-1-4-01	ということなので食べ放題、飲み放題にしていただきました。				
KN012_Gourmet_8-1-5-01	お金のほうは、コーチたちが出してくれるということだったので、たらふく食べてやる！！ということではりきって、お腹を空かせてお店にやってきたわけです。	[著者]	はりきって	感情＋	[■■■]
KN012_Gourmet_8-1-6-01	ここのお店を選んでくれたのは私の先輩で、その理由は「デザートも食べ放題だから！！」	[著者]	デザートも食べ放題	メリット＋	[■■■]
KN012_Gourmet_8-1-7-01	確かに写真をみると同感、という感じ。				
KN012_Gourmet_8-1-8-01	うきうき、わくわく・・・。	[著者]\n[著者]	うきうき\nわくわく	感情＋\n感情＋	[■■■]\n[■■■]
KN012_Gourmet_8-1-9-01	はじめの１０品を注文しました。				
KN012_Gourmet_8-1-10-01	ピザやらサラダやらスパゲッティやら・・・。				
KN012_Gourmet_8-1-11-01	７人いたので５品を２人分頼みました。				
KN012_Gourmet_8-1-12-01	料理がやってきました・・・。				
KN012_Gourmet_8-1-13-01	あり・・・？				
KN012_Gourmet_8-1-14-01	少なくない？	[著者]	少なくない？	批評−	[■■■]
KN012_Gourmet_8-1-15-01	これ、私なら一人でも少ないくらい・・。	[著者]	一人でも少ないくらい・・	批評−	これ
KN012_Gourmet_8-1-16-01	味は・・・・まぁまぁだけど量は猫のご飯か！？ってくらいの量しかない。	[著者]\n[著者]	味は・・・・まぁまぁ\n量は猫のご飯か！？ってくらいの量しかない	批評＋\n批評−	味\n量
KN012_Gourmet_8-1-17-01	ぺろりと皆で食べ終わり、次の５品、２つずつを頼みました・・・。				
KN012_Gourmet_8-1-18-01	が・・・・、料理がなかなか来ない！！	[著者]	料理がなかなか来ない！！	メリット−	[■■■]
KN012_Gourmet_8-1-19-01	私たちは感づいてしまいました。				
KN012_Gourmet_8-1-20-01	お店側は損をしないように何分に一度、料理を出すようにしているのでは・・・？と・・・。	[著者]	損をしないように何分に一度、料理を出すようにしているのでは・・・？	批評−	お店側[■■■]
KN012_Gourmet_8-1-21-01	で、２回注文したところでラストオーダー・・・。				
KN012_Gourmet_8-1-22-01	私たちはデザートとしてケーキ１０品をすべて頼みました。				
KN012_Gourmet_8-1-23-01	これだけは期待・・・したい！！	[著者]	期待・・・したい！！	感情＋	[ケーキ１０品]
KN012_Gourmet_8-1-24-01	でもなかなかこない・・・。				
KN012_Gourmet_8-1-25-01	１５分経過したところでやってきた！！！				
KN012_Gourmet_8-1-26-01	ん？				
KN012_Gourmet_8-1-27-01	あり？				
KN012_Gourmet_8-1-28-01	ちっさ！！	[著者]	ちっさ！！	批評−	[ケーキ１０品]
KN012_Gourmet_8-1-29-01	笑いが止まりませんでした。	[著者]	笑いが止まりませんでした	感情−	[ケーキ１０品]
KN012_Gourmet_8-1-30-01	タルトの角度なんで１０度もないくらい（笑）	[著者]	タルトの角度なんで１０度もないくらい（笑）	メリット−	タルト
KN012_Gourmet_8-1-31-01	美味しいとか判断できる大きさではありません。	[著者]	美味しいとか判断できる大きさではありません	メリット−	[タルト]
KN012_Gourmet_8-1-32-01	あ。				
KN012_Gourmet_8-1-33-01	でもお酒は美味しかったですよ。	[著者]	お酒は美味しかったですよ	批評＋	お酒
KN012_Gourmet_8-1-34-01	特に「■■■」というお酒が。				
KN012_Gourmet_8-1-35-01	よかったら行ってみてください。	[著者]	よかったら行ってみてください	当為	[■■■]
KN012_Gourmet_8-1-36-01	カップルには本当にオススメできる雰囲気でしたよ☆	[著者]	カップルには本当にオススメできる雰囲気でしたよ☆	メリット＋	雰囲気
KN012_Gourmet_9-1-1-01	［グルメ］新ます				
KN012_Gourmet_9-1-2-01	昼に時間が空いていたからラーメンを食べに行った。				
KN012_Gourmet_9-1-3-01	場所は百万遍東側を北に少し行ったところ、「新ます」である。				
KN012_Gourmet_9-1-4-01	この店は夜は「樽八」として居酒屋営業もしているので、いったことのある方もいらっしゃるのではないだろうか。				
KN012_Gourmet_9-1-4-02	むしろこちらの方が有名	[著者]	有名	出来事＋	[樽八]
KN012_Gourmet_9-1-5-01	濃い口の「京都系」背油しょうゆラーメン。				
KN012_Gourmet_9-1-6-01	思わずスープをすべて飲み干してしまった。				
KN012_Gourmet_9-1-7-01	６００円。				
KN012_Gourmet_9-1-8-01	最近食べた中でトップクラスにうまい。	[著者]	トップクラスにうまい	批評＋	[濃い口の「京都系」背油しょうゆラーメン]
KN203_Gourmet_1-1-1-01	［グルメ］京都のお店				
KN203_Gourmet_1-1-2-01	最近友達と京都で夜ご飯を食べました☆				
KN203_Gourmet_1-1-3-01	京都のお店はちいさいけど、その分すごくあったかくて、店員さんとの距離がちかいのが素敵だなぁと思います。	[著者]\n[著者]\n[著者]	ちいさい\nその分すごくあったかく\n店員さんとの距離がちかいのが素敵だなぁと思います	メリット−\n批評＋\nメリット＋	京都のお店\n京都のお店\n京都のお店
KN203_Gourmet_1-1-4-01	しかも、なにより、いいのは、わたしのような貧乏学生にやさしい値段（＞＜）	[著者]	貧乏学生にやさしい値段（＞＜）	メリット＋	値段
KN203_Gourmet_1-1-5-01	ほんとに京都は学生にやさしい町だなぁと思います！！	[著者]	学生にやさしい町だなぁと思います！！	批評＋	京都
KN203_Gourmet_1-1-6-01	観光客がむちゃくちゃ多くて、いつも人でいっぱいなのがたまに難点ですが・・・・	[著者]\n[著者]	観光客がむちゃくちゃ多く\n人でいっぱいなのがたまに難点です	メリット−\nメリット−	[京都]\n人でいっぱいなの
KN203_Gourmet_1-1-7-01	それでも京都はほんとにいいところなので、もっともっとたくさん京都を回ってみようと思います☆	[著者]\n[著者]	ほんとにいいところなの\nもっともっとたくさん京都を回ってみようと思います☆	批評＋\n採否＋	京都\n京都
KN205_Gourmet_1-1-1-01	［グルメ］京麩・京ゆばの半兵衛				
KN205_Gourmet_1-1-2-01	川端五条の交差点に程近い場所に、京麩・京ゆばの老舗半兵衛があります。				
KN205_Gourmet_1-1-3-01	半兵衛では京麩、京ゆばの販売ももちろんしていますが、注目したいのが店舗の奥に構えられた瀟洒なスペースで供される“むし養い料理”。	[著者]	注目したいの	メリット＋	むし養い料理
KN205_Gourmet_1-1-4-01	全て京麩と京ゆばを使った料理で献立が構成されている懐石料理を味あわせてくれる、ひと味違ったお店です。	[著者]\n[著者]	全て京麩と京ゆばを使った料理で献立が構成されている\n全て京麩と京ゆばを使った料理で献立が構成されている懐石料理を味あわせてくれる、ひと味違ったお店です	メリット＋\nメリット＋	懐石料理\n[京麩・京ゆばの半兵衛]
KN205_Gourmet_1-1-5-01	町屋を使った落ち着いた構えの店舗に入ると、着物の御婦人が奥の間へと案内して下さいます。				
KN205_Gourmet_1-1-6-01	おくどさんに迎えられ履物を脱ぎ、ひとつひとつ念入りに選ばれたであろうと思わせる調度品で上品に飾られた部屋に腰を落ち着けその空間を楽しんでいると、とりどりに料理された京麩、京ゆばが次々と目の前に現れます。	[著者]\n[著者]\n[著者]	ひとつひとつ念入りに選ばれたであろうと思わせる調度品で上品に飾られた\n腰を落ち着けその空間を楽しんでいる\nとりどりに料理された京麩、京ゆばが次々と目の前に現れます	メリット＋\n感情＋\nメリット＋	部屋\n京麩\n[京麩・京ゆばの半兵衛]
KN205_Gourmet_1-1-7-01	その多彩さに、ひとつの素材にこんなにも調理法があるのか、と関心しきり。	[著者]\n[著者]	その多彩さ\n関心しきり	批評＋\n感情＋	[京麩]\n調理法
KN205_Gourmet_1-1-8-01	様々な表情を見せる京麩、京ゆばに舌鼓を打ち、いつの間にか心までゆったりとくつろいでいます。	[著者]\n[著者]	舌鼓を打ち\nいつの間にか心までゆったりとくつろいでいます	批評＋\n批評＋	京麩、京ゆば\n[京麩・京ゆばの半兵衛]
KN205_Gourmet_1-1-9-01	お料理はもちろん、それを供する空間にまでこだわり抜かれた半兵衛では、最高の環境で京麩、京ゆばを味わうことができると言うことができるでしょう。	[著者]\n[著者]	お料理はもちろん、それを供する空間にまでこだわり抜かれた\n最高の環境で京麩、京ゆばを味わうことができると言うことができるでしょう	メリット＋\nメリット＋	半兵衛\n半兵衛
KN205_Gourmet_1-1-10-01	事前に予約がいりますが、お値段は一人三千円と大変お手ごろで、誰でも京都の料理文化のひとつを気軽に楽しむことができます。	[著者]\n[著者]	お値段は一人三千円と大変お手ごろ\n誰でも京都の料理文化のひとつを気軽に楽しむことができます	メリット＋\nメリット＋	お値段\n[半兵衛]
KN205_Gourmet_2-1-1-01	［グルメ］京はやしや				
KN205_Gourmet_2-1-2-01	川端三条にある京はやしやは、様々なお茶を気軽に美味しく楽しんでもらえるようにと、お茶を使った様々なメニューを取り揃えているお店です。	[著者]	お茶を使った様々なメニューを取り揃えているお店です	メリット＋	京はやしや
KN205_Gourmet_2-1-3-01	中国茶から日本茶まで、純粋な飲料としてのお茶もあれば、薬膳粥などの食事もあり、抹茶パフェなどの甘味まで幅広く取り揃えられています。	[著者]	純粋な飲料としてのお茶もあれば、薬膳粥などの食事もあり、抹茶パフェなどの甘味まで幅広く取り揃えられています	メリット＋	[京はやしや]
KN205_Gourmet_2-1-4-01	しかし最もメニューが充実しているのはやはり甘味ではないでしょうか。	[著者]	最もメニューが充実しているの	メリット＋	甘味
KN205_Gourmet_2-1-5-01	抹茶のチーズケーキにチョコレートケーキ、シフォンケーキ、パフェ、あんみつ、かき氷、わらび餅…。				
KN205_Gourmet_2-1-6-01	甘いものが好きな人にはたまらない品揃えです。	[著者]	たまらない品揃えです	メリット＋	品揃え
KN205_Gourmet_2-1-7-01	その中でも特に目を引くのがかき氷。	[著者]	特に目を引くの	批評＋	かき氷
KN205_Gourmet_2-1-8-01	その大きさは一般的な甘味所で見るかき氷よりも一まわりから二まわりも大きいのです！	[著者]	一般的な甘味所で見るかき氷よりも一まわりから二まわりも大きいのです！	メリット＋	かき氷
KN205_Gourmet_2-1-9-01	うっかり一人で食べようと頼んでしまうと大変なことになります。	[著者]	大変なことになります	メリット−	[かき氷]
KN205_Gourmet_2-1-10-01	しかし、友達などと分け合って食べるには良い大きさです。	[著者]	友達などと分け合って食べるには良い大きさです	メリット＋	[かき氷]
KN205_Gourmet_2-1-11-01	トッピングも色々と選ぶことができるので、好きなものをたくさん乗せてもらい、何人かでわいわいとつつきあうのは夏の良い思い出になるのではないでしょうか。	[著者]\n[著者]	トッピングも色々と選ぶことができる\n夏の良い思い出になるのではないでしょうか	メリット＋\n当為	[かき氷]\n[京はやしや]
KN210_Gourmet_1-1-1-01	［グルメ］川床で夕食を				
KN210_Gourmet_1-1-2-01	ゴールデンウィークにぼくの両親は広島と京都を旅行した。				
KN210_Gourmet_1-1-3-01	ぼくは広島から京都にやってくる彼らと京都駅で待ち合わせし、我々は京都らしい場所へ行こうと清水寺へ向かう。				
KN210_Gourmet_1-1-4-01	しかし、ゴールデンウィークの京都は殺人的に混んでおり、タクシーは渋滞のせいで３０分経っても清水寺に着かなかった。	[著者]\n[著者]	殺人的に混んでおり\nタクシーは渋滞のせいで３０分経っても清水寺に着かなかった	メリット−\nメリット−	ゴールデンウィークの京都\nゴールデンウィークの京都
KN210_Gourmet_1-1-5-01	清水寺に着くのに小一時間かかり、タクシー代２８００円を払い、清水寺へと向かうが、寺までの道のりも人だかりだ。	[著者]\n[著者]	清水寺に着くのに小一時間かかり\n寺までの道のりも人だかりだ	メリット−\nメリット−	[ゴールデンウィークの京都]\n[ゴールデンウィークの京都]
KN210_Gourmet_1-1-6-01	京都は道が狭いし、都市機能に大いに問題があるくせに観光客が押し寄せる。	[著者]\n[著者]	道が狭い\n都市機能に大いに問題がある	メリット−\nメリット−	京都\n京都
KN210_Gourmet_1-1-7-01	結局混雑に嫌気がさして清水寺に入らずにＵターンし、河原町まで歩く。	[著者]	混雑に嫌気がさして	感情−	[京都]
KN210_Gourmet_1-1-8-01	我々の目的は川床である。				
KN210_Gourmet_1-1-9-01	優雅に鴨川を望みながらお酒を飲むのだ。				
KN210_Gourmet_1-1-10-01	木屋町通りのフランス料理のレストランに入り、一人７５００円のコース料理を頼む。				
KN210_Gourmet_1-1-11-01	ソムリエにワインのセレクトを任せ、京野菜の料理や和牛のステーキやフォアグラを食べる。				
KN210_Gourmet_1-1-12-01	さすがに料理はおいしいし、ワインのセレクトもプロだけはあると感じた。	[著者]\n[著者]	料理はおいしい\nプロだけはあると感じた	批評＋\n批評＋	料理\nワインのセレクト
KN210_Gourmet_1-1-13-01	生まれて初めてフォアグラを食べたが、香ばしいし臭みが全くなくて美味しかった。	[著者]	香ばしいし臭みが全くなくて美味しかった	批評＋	フォアグラ
KN210_Gourmet_1-1-14-01	今の季節は川岸は涼しいし、虫も少ないし、川床としては最良の時期である。	[著者]\n[著者]\n[著者]	川岸は涼しい\n虫も少ない\n川床としては最良の時期である	メリット＋\nメリット＋\n批評＋	今の季節\n今の季節\n今の季節
KN210_Gourmet_1-1-15-01	両親は終電の新幹線で帰らなくてはならなかったので二時間ほど床を楽しんだ後店を出る。				
KN210_Gourmet_1-1-16-01	チェックお願いします。				
KN210_Gourmet_1-1-17-01	「四万六百円でございます。」				
KN210_Gourmet_1-1-18-01	あー…やっぱり床高いわー。	[著者]	やっぱり床高いわー	メリット−	床
KN210_Gourmet_1-1-19-01	おいしかったし、楽しーけどさー。	[著者]\n[著者]	おいしかったし\n楽しーけどさー	批評＋\n感情＋	[床]\n[床]
KN210_Gourmet_1-1-20-01	当然、私は二人の金持ちにごちそうになる。				
KN210_Gourmet_1-1-21-01	学生が来れる店ではない。	[著者]	学生が来れる店ではない	メリット−	[床]
KN210_Gourmet_1-1-22-01	断じてない。	[著者]	断じてない	メリット−	[床]
KN210_Gourmet_1-1-23-01	しかし、四万円ってことは一人一万三千円だもんなぁ…				
KN210_Gourmet_1-1-24-01	自分の金で行けるようになるのはかなり先かもね。				
KN211_Gourmet_1-1-1-01	［グルメ］鳥岩楼				
KN211_Gourmet_1-1-2-01	京都の旨いお店は高い。	[著者]	高い	批評−	京都の旨いお店
KN211_Gourmet_1-1-3-01	南禅寺の瓢亭の料理がおいしいと聞いて、調べてみたら、昼食が２万３千円〜だった。	[不定]\n[著者]	瓢亭の料理がおいしい\n昼食が２万３千円〜だった	批評＋\nメリット−	瓢亭\n瓢亭
KN211_Gourmet_1-1-4-01	学生の身分で、昼食で２万３千というのは、ちょっと戸惑ってしまう。	[著者]	ちょっと戸惑ってしまう	感情−	昼食で２万３千
KN211_Gourmet_1-1-5-01	京都にはおいしいお店が多いというが、おいしいと言われているお店はだいたい高い。	[不定]\n[著者]	おいしいお店が多い\nだいたい高い	批評＋\n批評−	京都\nおいしいと言われているお店
KN211_Gourmet_1-1-6-01	僕は地元が岡山である。				
KN211_Gourmet_1-1-7-01	地元でおいしいところといえばうどん屋がある。	[著者]	地元でおいしいところ	批評＋	うどん屋
KN211_Gourmet_1-1-8-01	とりわけ倉敷駅前の「古市」のぶっかけうどんというのがおいしい。	[著者]	ぶっかけうどんというのがおいしい	批評＋	「古市」のぶっかけうどん
KN211_Gourmet_1-1-9-01	地元に帰省するたびに食べている。	[著者]	帰省するたびに食べている	採否＋	[「古市」のぶっかけうどん]
KN211_Gourmet_1-1-10-01	両親がどこか外食しようと言うと、だいたいうどん屋を希望した。	[著者]	うどん屋を希望した	要望	うどん屋
KN211_Gourmet_1-1-11-01	お腹いっぱい食べて数百円。				
KN211_Gourmet_1-1-12-01	かなり安上がりな外食だったように思う。	[著者]	かなり安上がりな外食だったように思う	批評＋	[うどん屋]
KN211_Gourmet_1-1-13-01	親としても助かっただろう。				
KN211_Gourmet_1-1-14-01	ところが京都ではそうはいかない。	[著者]	京都ではそうはいかない	批評−	京都
KN211_Gourmet_1-1-15-01	昼食で２万・・である。	[著者]	昼食で２万・・である	メリット−	[京都]
KN211_Gourmet_1-1-16-01	２万・・・は行き過ぎだが、結構値が張るところが多い。	[著者]\n[著者]	行き過ぎだ\n結構値が張るところが多い	批評−\nメリット−	[京都]\n[京都]
KN211_Gourmet_1-1-17-01	その中で、この鳥岩楼は、もともとは、鳥料理の高級料理店なのだが、昼食だけは、８００円で親子丼を食べさせてくれる。	[著者]	８００円で親子丼を食べさせてくれる	メリット＋	鳥岩楼
KN211_Gourmet_1-1-18-01	雰囲気のある町家の中の２階が、昼食処である。	[著者]	雰囲気のある	批評＋	[鳥岩楼]
KN211_Gourmet_1-1-19-01	親子丼は山椒が効いていておいしい。	[著者]	山椒が効いていておいしい	メリット＋	親子丼
KN211_Gourmet_1-1-20-01	少し味が濃い気がしたが、味覚が鋭くない僕ですら、何か物が違うということが分かる。	[著者]\n[著者]	少し味が濃い気がした\n何か物が違うということが分かる	批評＋\n批評＋	[親子丼]\n[親子丼]
KN211_Gourmet_1-1-21-01	鶏肉がふんだんに入っていて、卵も色艶が見事。	[著者]\n[著者]	鶏肉がふんだんに入っていて\n卵も色艶が見事	メリット＋\n批評＋	[親子丼]\n[親子丼]
KN211_Gourmet_1-1-22-01	そして、上に申し訳で、うずらの卵が載っているところが可愛らしい。	[著者]	可愛らしい	批評＋	[親子丼]
KN211_Gourmet_1-1-23-01	そこに、あっさり味のスープがついてくる。				
KN211_Gourmet_1-1-24-01	平日の昼間、正午から２時までの営業である。				
KN211_Gourmet_1-1-25-01	量は多くないが、ちょっと高級な味を求めるなら、もってこいのお店である。	[著者]\n[著者]	量は多くない\nもってこいのお店である	メリット−\n当為	[親子丼]\n[鳥岩楼]
KN212_Gourmet_1-1-1-01	［グルメ］私は食べることが大好きだあ	[著者]	大好きだあ	感情＋	食べること
KN212_Gourmet_1-1-2-01	私は何より食べることが好き☆	[著者]	好き☆	感情＋	食べること
KN212_Gourmet_1-1-3-01	っていうか、高校生のときは、特に高校３年生のときは、食べてるとき意外ほっとするときなかったもんなー。				
KN212_Gourmet_1-1-4-01	かなしいかな、わたしはマンションで１人暮らしだったのさー。				
KN212_Gourmet_1-1-5-01	テレビもなかったしね。				
KN212_Gourmet_1-1-6-01	ま、そのおかげで、たいしたもんはつくれんが、だいたい食べれるもんはつくります。				
KN212_Gourmet_1-1-7-01	昨日は、ぺペロンチーノがどうしても作りたくて、にんにくも唐辛子もないのに、作ってみた。	[著者]	ぺペロンチーノがどうしても作りたく	感情＋	ぺペロンチーノ
KN212_Gourmet_1-1-8-01	にんにくの代わりにごま油で、唐辛子の代わりに七味唐辛子いっぱいふりかけた。				
KN212_Gourmet_1-1-8-02	？				
KN212_Gourmet_1-1-9-01	あと、たまねぎとしらすもいれて、塩をぱらぱらと。。。				
KN212_Gourmet_1-1-10-01	以外においしかったよー。	[著者]	おいしかったよー	批評＋	[ぺペロンチーノ]
KN212_Gourmet_1-1-11-01	ただ、ぺペロンチーノではなかったな（笑）				
KN215_Gourmet_1-1-1-01	［グルメ］水				
KN215_Gourmet_1-1-2-01	私は「美食家」ではないので、基本的にどんな料理でもおいしいと思って食すことができる。				
KN215_Gourmet_1-1-3-01	そんな私も水の味だけには敏感で、学食のお茶を飲むと苔のような味がするのにはいまだに慣れない。	[著者]\n[著者]	苔のような味がする\nいまだに慣れない	メリット−\n批評−	学食のお茶\n学食のお茶
KN215_Gourmet_1-1-4-01	コンビニで買うサラダも、野菜を洗った水の味がしてどうも好きになれない。	[著者]\n[著者]	野菜を洗った水の味がして\nどうも好きになれない	メリット−\n感情−	コンビニで買うサラダ\nコンビニで買うサラダ
KN215_Gourmet_1-1-4-02	同様に苔臭い	[著者]	苔臭い	メリット−	[コンビニで買うサラダ]
KN215_Gourmet_1-1-5-01	水道水を沸騰させてお茶を作ってもとても飲める代物ではないので、ミネラルウォーターを買っている。	[著者]	ミネラルウォーターを買っている	採否＋	ミネラルウォーター
KN215_Gourmet_1-1-6-01	食費はかさむ一方である。	[著者]	食費はかさむ一方である。	メリット−	[ミネラルウォーターを買っている]
KN215_Gourmet_1-1-6-02	水費？				
KN215_Gourmet_1-1-7-01	外食をするといつも思うのだが、出される水の味と料理の味は相関しているように思う。				
KN215_Gourmet_1-1-8-01	無料で出される水が美味しい店はやっぱり料理もおいしい。	[著者]	やっぱり料理もおいしい	批評＋	無料で出される水が美味しい店
KN215_Gourmet_1-1-9-01	人間のカラダの６割は水でできているそうである。				
KN215_Gourmet_1-1-10-01	社会人になったらより一層水にこだわった生活をしてみようと思っている。	[著者]	水にこだわった生活をしてみようと思っている	採否＋	水にこだわった生活
KN216_Gourmet_1-1-1-01	［グルメ］自炊				
KN216_Gourmet_1-1-2-01	料理はできる。				
KN216_Gourmet_1-1-3-01	１人暮らしをしても困らない程度には。				
KN216_Gourmet_1-1-4-01	しかし、できてもやらないのが困ったところだ。				
KN216_Gourmet_1-1-5-01	頑張って作っても食べるのはどうせ自分なのだ、と思うとどうもやる気がわかない。				
KN216_Gourmet_1-1-6-01	だからと言って、誰かに作ってあげたいわけでもない。				
KN216_Gourmet_1-1-7-01	だれかの作った料理がいいのだ。	[著者]	だれかの作った料理がいいのだ	批評＋	だれかの作った料理
KN216_Gourmet_1-1-8-01	なぜか、人の作ったものは、自分で作ったものよりおいしい。	[著者]	自分で作ったものよりおいしい	批評＋	[だれかの作った料理]
KN216_Gourmet_1-1-9-01	実際、おいしいかどうかは知らないがおいしく感じる。	[著者]	おいしく感じる	批評＋	[だれかの作った料理]
KN216_Gourmet_1-1-10-01	１人で食べるというのも関係しているのだろうか？				
KN216_Gourmet_1-1-11-01	確かに、１人で食べると食事している！という感じになる。				
KN216_Gourmet_1-1-12-01	ただ、食事だけを。				
KN216_Gourmet_1-1-13-01	ひとりでブツブツしゃべっていても気味が悪いし。	[著者]	気味が悪いし	批評−	ひとりでブツブツしゃべって
KN216_Gourmet_1-1-14-01	しかし、他に人がいれば、しゃべったりもするだろう。				
KN216_Gourmet_1-1-15-01	（相手と犬猿の仲ならいやみの言い合いかもしれないが）				
KN216_Gourmet_1-1-16-01	すくなくとも、食事に食事以外の要素が加わる。				
KN216_Gourmet_1-1-17-01	だが、そのとき食べる料理が自分で作ったものか相手が作ったものかで、味は変わるだろうか？				
KN216_Gourmet_1-1-18-01	１度、疑問に思ってしまうと、考え出してしまう。				
KN216_Gourmet_1-1-19-01	検証するには、とりあえず一緒食事をしたり、料理を作ってくれる相手が必要なようだ。				
KN217_Gourmet_1-1-1-01	［グルメ］京大生のグルメ				
KN217_Gourmet_1-1-2-01	学食ではみちのくフェアと称して、私には珍しい食品が販売されていました。	[著者]	私には珍しい食品が販売されていました	批評＋	学食
KN217_Gourmet_1-1-3-01	枝豆コロッケ、海藻サラダ、ずんだもちなどなど…				
KN217_Gourmet_1-1-4-01	どれも美味でしたね…	[著者]	どれも美味でしたね…	批評＋	[珍しい食品]
KN217_Gourmet_1-1-5-01	高校時代、東北のほうへ修学旅行で行ったのですが、そういったものは食べずに、身に慣れたものばかりを選んで食べようとしていましたから…				
KN217_Gourmet_1-1-6-01	おかしな話、遠いものの方がおいしそうに見えるようです。	[著者]	おいしそうに見えるようです	批評＋	遠いもの
KN217_Gourmet_1-1-7-01	その翌日の今日は、上位回生の下宿先に呼ばれて、鍋とたこ焼きを頂きました。				
KN217_Gourmet_1-1-8-01	鍋もたこ焼きも、定義に従っていれば、いくらでもバリエーションが広がります。	[著者]	いくらでもバリエーションが広がります	メリット＋	鍋もたこ焼き
KN217_Gourmet_1-1-9-01	たこ焼きには、餅やチーズ、果ては雑炊まで投入され、未知の分野を開拓して、騒いでいました。	[著者]	騒いでいました	感情＋	[不定]
KN217_Gourmet_1-1-10-01	そういったことは、上回生の１人いわく、複数人でやるから楽しいのであって、１人でやることではないそうです。	[著者]	楽しい	感情＋	複数人でやる
KN217_Gourmet_1-1-11-01	生憎、依然自宅生の私には、そういった経験をする機会が少ないし、その気もありませんから、将来下宿して、まともな料理を食べられるか…	[著者]	その気もありません	採否−	[不定]
KN217_Gourmet_1-1-12-01	当分学食でしょうね…				
KN217_Gourmet_1-1-13-01	慣れるより慣れよということでしょうか…				
KN217_Gourmet_1-1-14-01	それはそうとして、デザートを持ってきてくださった方がいて、また、新しい分野を開拓されました。				
KN217_Gourmet_1-1-15-01	コーヒーと白餡を混ぜたクリーム状のものは、栗とあうのです。	[著者]	栗とあうのです	批評＋	コーヒーと白餡を混ぜたクリーム状のもの
KN217_Gourmet_1-1-16-01	ご馳走様でした。				
KN217_Gourmet_1-1-17-01	そういったここ数日の出来事で、私は、京大生ならではの食事を味わったわけですが、ここ数日で味わうべきではないですね…	[著者]	ここ数日で味わうべきではない	当為	[不定]
KN217_Gourmet_1-1-18-01	血糖値が気になります…				
KN217_Gourmet_1-1-19-01	グルメは心の栄養にはなるでしょうが、過多なそれは、体内に時限爆弾を生成しかねないので、ほどほどにしなければならない、と体重計を見て頭を垂れました…	[著者]\n[著者]\n[著者]\n[著者]	心の栄養にはなるでしょう\n体内に時限爆弾を生成しかねない\nほどほどにしなければならない\n体重計を見て頭を垂れました…	メリット＋\nメリット−\n当為\n感情−	グルメ\n過多なそれ[グルメ]\n過多なそれ[グルメ]\n[不定]
KN218_Gourmet_1-1-1-01	［グルメ］京都の食				
KN218_Gourmet_1-1-2-01	私は今年一年京都に住んで、京都といえば「食」であることを大きく感じた。				
KN218_Gourmet_1-1-3-01	大学周辺には、学生が利用しやすいような安価なお店や、夜に利用できるような居酒屋、いつでもあいているコーヒーショップなど多種多様である。	[著者]	学生が利用しやすいような安価なお店や、夜に利用できるような居酒屋、いつでもあいているコーヒーショップなど多種多様である	メリット＋	大学周辺
KN218_Gourmet_1-1-4-01	またラーメン屋も北区では非常に多い。				
KN218_Gourmet_1-1-5-01	三条・四条に少し出向けば、高級なり料亭や、焼肉屋、学生が利用しやすいようなバーや、ダイニングも多い。	[著者]	学生が利用しやすいようなバーや、ダイニングも多い	メリット＋	三条・四条
KN218_Gourmet_1-1-6-01	中でも学生へのお勧めは、四条通烏丸よりのＫＡＩという店である。	[著者]	中でも学生へのお勧め	当為	ＫＡＩ
KN218_Gourmet_1-1-7-01	おしゃれな料理が６０種ほど食べ放題で１０００円プラスで飲み放題も可能である。	[著者]\n[著者]	おしゃれな料理が６０種ほど食べ放題\n１０００円プラスで飲み放題も可能である	メリット＋\nメリット＋	[KAI]\n[KAI]
KN218_Gourmet_1-1-7-02	もちろんデザートもｗ	[著者]	もちろんデザートもｗ	メリット＋	[KAI]
KN218_Gourmet_1-1-8-01	飲み放題は制限も厳しくなく、次から次へと注文もＯＫ。	[著者]\n[著者]	飲み放題は制限も厳しくなく\n次から次へと注文もＯＫ	メリット＋\nメリット＋	飲み放題\n[KAI]
KN218_Gourmet_1-1-9-01	料理は一回に頼む分に制限があるが、どれもおいしく申し分ない。	[著者]\n[著者]	料理は一回に頼む分に制限がある\nどれもおいしく申し分ない	メリット−\n批評＋	料理\n料理
KN218_Gourmet_1-1-10-01	また店内には大きな水槽で熱帯魚が泳いでいるという内装で、是非デートなどにお勧めしたい。	[著者]	是非デートなどにお勧めしたい	当為	[KAI]
KN218_Gourmet_1-1-11-01	彼女もよろこぶこと、まちがいない！！笑	彼女	彼女もよろこぶこと、まちがいない！！笑	感情＋	[KAI]
KN218_Gourmet_1-1-12-01	もう一つ、京大生では知っている人もいると思うが、元田中あたりの焼き肉「さとのや」はすごくあつい。。	[著者]	すごくあつい。。	批評＋	さとのや
KN218_Gourmet_1-1-13-01	２９９０円で食べ放題＋１０円でなんとなんとエビスビールが飲み放題なのだ。。	[著者]	なんとなんとエビスビールが飲み放題なのだ。。	メリット＋	[さとのや]
KN218_Gourmet_1-1-13-02	タンも食べ放題	[著者]	タンも食べ放題	メリット＋	[さとのや]
KN218_Gourmet_1-1-14-01	いったい経営は成り立っているのだろうか？				
KN218_Gourmet_1-1-15-01	おっちゃんはきさくな人で、サービスもいい。	[著者]\n[著者]	きさくな人\nサービスもいい	批評＋\n批評＋	おっちゃん\nおっちゃん
KN218_Gourmet_1-1-16-01	一度ご賞味あれ。	[著者]	一度ご賞味あれ	当為	[さとのや]
KN219_Gourmet_1-1-1-01	［グルメ］味オンチ				
KN219_Gourmet_1-1-2-01	私はおそらくグルメとは対極にある。				
KN219_Gourmet_1-1-3-01	といっても食べることは好きだし、食べる量も多いほうだと思う。	[著者]	食べることは好き	感情＋	食べること
KN219_Gourmet_1-1-4-01	なにがグルメでないかというと、いわゆる「味オンチ」だということである。	[著者]	いわゆる「味オンチ」だということである	批評−	[私]
KN219_Gourmet_1-1-5-01	自分ではそんなつもりはぜんぜんないのだけど、人が「これはちょっと・・」というものも平気で平らげてしまうのだ。				
KN219_Gourmet_1-1-6-01	３人兄弟の末っ子に育った環境がそうさせたのかはわからないが、私の胃腸の強さは相当なものであるらしい。	[著者]	胃腸の強さは相当なものであるらしい	批評＋	胃腸の強さ
KN219_Gourmet_1-1-7-01	とはいえ、自分では「おいしいもの」は分かっているつもりでいる。				
KN219_Gourmet_1-1-8-01	ときどき実家に帰ると「あーなんて自分の作るものとは違うんだろう」とへこむし、お金をもった社会人の人におごってもらったりするとあまりのおいしさに感動してしまう。	[著者]\n[著者]	へこむ\nあまりのおいしさに感動してしまう	感情−\n感情＋	[不定]\nあまりのおいしさ
KN219_Gourmet_1-1-9-01	グルメを自称する人たちのおいしさを追及する努力には感心するけれど、なんでもにこにこ食べられるというのは私の武器だと思っている。	[著者]\n[著者]	努力には感心する\nなんでもにこにこ食べられる	批評＋\nメリット＋	グルメを自称する人たち\n私
KN219_Gourmet_1-1-10-01	まあ呆れられることも多いですが。	[著者]	呆れられることも多いですが	批評−	[私]
KN220_Gourmet_1-1-1-01	［グルメ］野菜の歴史				
KN220_Gourmet_1-1-2-01	わが冷蔵庫の野菜の歴史について語ってみようと思う。				
KN220_Gourmet_1-1-3-01	野菜の歴史、略して、『野菜大戦争』				
KN220_Gourmet_1-1-3-02	なんか増えてる				
KN220_Gourmet_1-1-4-01	下宿を始めた春、「とりあえず野菜でも買ってみるべ」という率直な動機で『レタス』を購入。				
KN220_Gourmet_1-1-5-01	なぜレタスなのかというと、レタスは手でちぎるだけで食べれ、生でも全然ＯＫ、というか生で食すくらいしか食べ方が見当たらない程単純であるからだ。	[著者]\n[著者]	手でちぎるだけで食べれ\n生でも全然ＯＫ	メリット＋\nメリット＋	レタス\nレタス
KN220_Gourmet_1-1-6-01	料理のペの字も知らないうちは、とても重宝するだろうとのお察しである。	[著者]	とても重宝するだろうとのお察しである	批評＋	[レタス]
KN220_Gourmet_1-1-6-02	含まれてない				
KN220_Gourmet_1-1-7-01	小さい頃からのイメージで、野菜≒レタスという構図が成り立っていたというのは秘密だ。				
KN220_Gourmet_1-1-8-01	次に買ったのが『キャベツ』。				
KN220_Gourmet_1-1-9-01	これも、キャベツがレタスの次に思いついたからというのは秘密だ。				
KN220_Gourmet_1-1-10-01	以降、わが冷蔵庫は、このレタスとキャベツの２大勢力時代へと突入する。				
KN220_Gourmet_1-1-11-01	そう、１回生の秋ごろまで、ずーっとレタスとキャベツしか存在しなかった。				
KN220_Gourmet_1-1-12-01	レタスとキャベツが我が物顔で冷蔵庫の一角を占めていた。				
KN220_Gourmet_1-1-13-01	実は、この２大勢力時代という表現は正確ではない。				
KN220_Gourmet_1-1-14-01	本当はもう１勢力あるのだ。				
KN220_Gourmet_1-1-15-01	それが『ネギ』である。				
KN220_Gourmet_1-1-16-01	しかし、ネギの専らの位置は冷蔵室ではなく、冷凍室であった。				
KN220_Gourmet_1-1-17-01	よって、今回の話からは暗黙のウチに除外した。				
KN220_Gourmet_1-1-18-01	ネギよ。				
KN220_Gourmet_1-1-19-01	化けて出てくるなら日中にしてくれ。	[著者]	日中にしてくれ	要望	[ネギ]
KN220_Gourmet_1-1-20-01	ネギ農家のみなさん。				
KN220_Gourmet_1-1-21-01	買ってきたネギを、自宅の庭に植えて育てると、中の細い部分しか育たないのは何故ですか？				
KN220_Gourmet_1-1-22-01	話を戻すが、そのうちレタス勢力にかげりが見えてきた。	[著者]	レタス勢力にかげりが見えてきた	出来事−	レタス勢力
KN220_Gourmet_1-1-23-01	やはり、なにかと料理で使うキャベツに比べ、レタスはあまりにも非力だった。	[著者]\n[著者]	なにかと料理で使う\nあまりにも非力だった	採否＋\nメリット−	キャベツ\nレタス
KN220_Gourmet_1-1-24-01	そのうち、レタスは完全に姿を消してしまった。	[著者]	姿を消してしまった	出来事−	レタス
KN220_Gourmet_1-1-25-01	冬になり、寒くなるにつれて、煮込む系の料理がしたくなる。	[著者]	煮込む系の料理がしたくなる	感情＋	煮込む系の料理
KN220_Gourmet_1-1-26-01	そうなると、やはり買ってみたくなるのが『白菜』。	[著者]	やはり買ってみたくなるの	感情＋	白菜
KN220_Gourmet_1-1-27-01	キャベツによる独占状態の冷蔵庫に白菜の新規参入である。				
KN220_Gourmet_1-1-28-01	さらに、この時期、筆者自身が、「『もやし』って最強じゃね？」と今更ながらにもやしの神秘の力を理解する。	[著者]\n[著者]	最強じゃね？\n神秘の力を理解する	批評＋\n批評＋	もやし\nもやし
KN220_Gourmet_1-1-29-01	この時の筆者は、まだ、赤や深緑の色の野菜を全く買っていない事には気付いていない。				
KN220_Gourmet_1-1-30-01	そして下宿を始めて１年たって、やっと『玉ねぎ』を購入した。				
KN220_Gourmet_1-1-31-01	やはり、白〜薄緑色の呪縛からは開放されいていない。				
KN220_Gourmet_1-1-32-01	が、筆者もここにきてようやくその事に気付き始める。				
KN220_Gourmet_1-1-33-01	だが、見ていた料理番組の影響で、次に買う野菜を決定した。				
KN220_Gourmet_1-1-34-01	『大根』				
KN220_Gourmet_1-1-35-01	歴史は繰り返す…				
KN220_Gourmet_2-1-1-01	［グルメ］男の料理				
KN220_Gourmet_2-1-2-01	３時のおやつにホットケーキを作りました。				
KN220_Gourmet_2-1-3-01	ホットケーキのためにベーキングパウダーもちゃんと買いました。				
KN220_Gourmet_2-1-4-01	別に料理が好きなわけじゃないけど、こないだ薄力粉を衝動買いしてしまったので、使わなきゃ和尚さんに怒られるじゃないですか。				
KN220_Gourmet_2-1-5-01	（×和尚○お百姓）				
KN220_Gourmet_2-1-6-01	ってことで、男のホットケーキを男らしく作りました。				
KN220_Gourmet_2-1-7-01	ちなみに僕の『男の料理』の定義は１材料を多少こぼす。				
KN220_Gourmet_2-1-8-01	そして気にしない。				
KN220_Gourmet_2-1-9-01	２レシピは都合いいように換える。				
KN220_Gourmet_2-1-10-01	３料理の途中で食材が足りない事に気付く。				
KN220_Gourmet_2-1-11-01	（注：あくまで僕の定義なので講義のハガキをださぬよう）				
KN220_Gourmet_2-1-12-01	もちろん、今回の料理、すべての要素がそろってます。				
KN220_Gourmet_2-1-13-01	まず小麦粉をこぼしました。				
KN220_Gourmet_2-1-14-01	いや、だって小麦粉をこぼさずに計量カップに入れるとか、不可能ですよね。				
KN220_Gourmet_2-1-15-01	あと、小麦粉使い終わった後、袋の口の部分をくるくるっと巻いて、最後に空気を抜こうと袋を押したら、「ポフュー」って粉が出てくるじゃないですかー				
KN220_Gourmet_2-1-16-01	あれ防げませんよねー				
KN220_Gourmet_2-1-17-01	ねー全国の奥さんー				
KN220_Gourmet_2-1-18-01	あと、レシピも勝手に変更しました。				
KN220_Gourmet_2-1-19-01	いやね、ホットケーキ３，４人前を作ったんですがね、なんと必要な砂糖が６０ｇですよ！				
KN220_Gourmet_2-1-20-01	奥さん！				
KN220_Gourmet_2-1-21-01	コーヒー用のシュガー１０本分ですよ！				
KN220_Gourmet_2-1-22-01	量の少ないタイプのものなら２０本分ですよ！				
KN220_Gourmet_2-1-23-01	２０本！				
KN220_Gourmet_2-1-24-01	馬鹿じゃないですか！？				
KN220_Gourmet_2-1-25-01	だから半分の量にしときましたよ！				
KN220_Gourmet_2-1-26-01	これでも苦肉の策ですよ！				
KN220_Gourmet_2-1-27-01	ええ！				
KN220_Gourmet_2-1-28-01	「そもそも４人分食べるな」っていじめないで下さいよ！	[著者]	いじめないで下さいよ！	要望	[不定]
KN220_Gourmet_2-1-29-01	ほんで食材も足りませんでした。				
KN220_Gourmet_2-1-30-01	薄力粉をボールに入れて…				
KN220_Gourmet_2-1-31-01	牛乳を入れて…				
KN220_Gourmet_2-1-32-01	ぎゅうにゅ…				
KN220_Gourmet_2-1-33-01	にゅ…				
KN220_Gourmet_2-1-34-01	牛乳ねぇぇぇー！				
KN220_Gourmet_2-1-35-01	料理をし始めて２行目にして材料ねぇぇぇー！				
KN220_Gourmet_2-1-36-01	ええ、水　入れてやりましたよ。				
KN220_Gourmet_2-1-37-01	店長！				
KN220_Gourmet_2-1-38-01	水入りましたー！				
KN220_Gourmet_2-1-39-01	あいよ！って感じですよ！				
KN220_Gourmet_2-1-40-01	話がそれましたが、まぁ美味しかったですよ。	[著者]	まぁ美味しかったですよ	批評＋	[ホットケーキ]
KN220_Gourmet_2-1-41-01	色も綺麗でしたし。				
KN220_Gourmet_2-1-42-01	牛乳を入れてないことを忘れるくらい、いい焼け具合でした。				
KN220_Gourmet_2-1-43-01	食べて、「あれ？なんか足んないな」っと思った程度でした。				
KN220_Gourmet_2-1-44-01	あれ？じゃないですよね。				
KN220_Gourmet_2-1-45-01	しゅん…				
KN220_Gourmet_3-1-1-01	［グルメ］男の食事事情				
KN220_Gourmet_3-1-2-01	先日、米が切れた！				
KN220_Gourmet_3-1-3-01	もうおしまいだ！				
KN220_Gourmet_3-1-4-01	………				
KN220_Gourmet_3-1-5-01	おし米だ！				
KN220_Gourmet_3-1-6-01	ごめん！				
KN220_Gourmet_3-1-7-01	ほんとゴメン！				
KN220_Gourmet_3-1-8-01	言ってみたかっただけなんだよ！				
KN220_Gourmet_3-1-9-01	そんな、何も「戻る」ボタン押すことはないじゃん！				
KN220_Gourmet_3-1-10-01	最後まで聞いてよ！	[著者]	聞いてよ！	要望	[不定]
KN220_Gourmet_3-1-11-01	いやー意外と米って早くなくなりますねー	[著者]	意外と米って早くなくなりますねー	出来事−	米
KN220_Gourmet_3-1-12-01	困りましたねー	[著者]	困りましたねー	感情−	[米って早くなくなります]
KN220_Gourmet_3-1-13-01	だが！				
KN220_Gourmet_3-1-14-01	そうもあろうかと！				
KN220_Gourmet_3-1-15-01	昨日のお買い物で！				
KN220_Gourmet_3-1-16-01	食パンを３斤買っといた！				
KN220_Gourmet_3-1-17-01	泣く子も黙る３斤だ！				
KN220_Gourmet_3-1-18-01	並みの度胸では１度に３斤は買えねー！				
KN220_Gourmet_3-1-19-01	いくら特売だったからといって３斤は身がもたねー！	[著者]	身がもたねー！	感情−	３斤
KN220_Gourmet_3-1-20-01	…………				
KN220_Gourmet_3-1-21-01	ドンマイ、俺				
KN220_Gourmet_3-1-22-01	ドン米				
KN220_Gourmet_3-1-23-01	ごめん！				
KN220_Gourmet_3-1-24-01	ほんとゴメン！				
KN220_Gourmet_3-1-25-01	それはそうと、今日の晩飯は、非常用の「ごはんがススム君春雨」。				
KN220_Gourmet_3-1-26-01	この春雨、独り暮らしを侮辱するかのように、１袋で「３人前」。	[著者]	独り暮らしを侮辱するかのように、１袋で「３人前」	メリット−	[ごはんがススム君春雨]
KN220_Gourmet_3-1-27-01	１度に食べきるのはもったいないので、半分に割ることにする。				
KN220_Gourmet_3-1-28-01	完成。				
KN220_Gourmet_3-1-29-01	しかし、今日食べる用の方と、後日食べる用の方を見比べてみると、片方が春雨ばっか、もう片方がキクラゲばっか	[著者]	片方が春雨ばっか、もう片方がキクラゲばっか	メリット−	[ごはんがススム君春雨]
KN220_Gourmet_3-1-30-01	おお！ジーザス！！！！	[著者]	ジーザス！！！！	感情−	[ごはんがススム君春雨]
KN222_Gourmet_1-1-1-01	［グルメ］かつくら				
KN222_Gourmet_1-1-2-01	私は四条阪急前のかつくらが好きだ。	[著者]	好きだ	感情＋	四条阪急前のかつくら
KN222_Gourmet_1-1-3-01	かつくらとは、名前からある程度は想像できてしまうかもしれないが、豚カツの専門店である。				
KN222_Gourmet_1-1-4-01	好きなところは、まず生協のように作り置きでなく注文してからカツを揚げるのでおいしい。	[著者]\n[著者]	好きなところ\nおいしい	感情＋\n批評＋	生協のように作り置きでなく注文してからカツを揚げる\n生協のように作り置きでなく注文してからカツを揚げる
KN222_Gourmet_1-1-5-01	さらに肉が厚い。	[著者]	肉が厚い	メリット＋	[カツ]
KN222_Gourmet_1-1-6-01	あれを噛むとまず歯に揚げたての衣のさくっとした感触が来て、つぎにジューシーな肉の感触がくる。	[著者]\n[著者]	揚げたての衣のさくっとした感触が来て\nジューシーな肉の感触がくる	メリット＋\nメリット＋	あれ[カツ]\nあれ[カツ]
KN222_Gourmet_1-1-7-01	また付いてくる麦飯とキャベツと赤だしの味噌汁がおかわり自由で、私は豚カツ１２０ｇと一緒に、ごはんを４杯、みそしるを２杯、キャベツをもともとよそられていた量のの１．３倍は食べてしまう。	[著者]	おかわり自由	メリット＋	付いてくる麦飯とキャベツと赤だしの味噌汁
KN222_Gourmet_1-1-7-02	１０５０円				
KN222_Gourmet_1-1-8-01	また普段は高いのでやらないが、両親や祖母が京都観光に来ているときはここにつれていってもらい、名物カツくら膳と大ぶり茶碗蒸しをセットで頼む。	[著者]	名物カツくら膳と大ぶり茶碗蒸しをセットで頼む	採否＋	名物カツくら膳と大ぶり茶碗蒸し
KN222_Gourmet_1-1-8-02	１６８０円				
KN222_Gourmet_1-1-8-03	４２０円				
KN222_Gourmet_1-1-9-01	カツくら膳には豚カツのほかにエビフライまでついている。	[著者]	エビフライまでついている	メリット＋	カツくら膳
KN222_Gourmet_1-1-10-01	このエビフライががまた大きくて揚げたてでおいしいのだ。	[著者]	また大きくて揚げたてでおいしいのだ	メリット＋	エビフライ
KN222_Gourmet_1-1-11-01	茶碗蒸しのほうもしっかりとだしがきいていて、すばらしい一品なのである。	[著者]\n[著者]	しっかりとだしがきいていて\nすばらしい一品なのである	メリット＋\n批評＋	茶碗蒸し\n茶碗蒸し
KN224_Gourmet_1-1-1-01	［グルメ］安くて美味しい自炊				
KN224_Gourmet_1-1-2-01	「いかにして食費を安くすませるか」我々貧乏学生にはとても重要な問題ですよね。	[著者]	とても重要な問題ですよね	批評＋	いかにして食費を安くすませるか
KN224_Gourmet_1-1-3-01	そこで、私がお勧めするのは自炊。	[著者]	お勧めするの	当為	自炊
KN224_Gourmet_1-1-4-01	自炊すると意外と食費が安く上がるんですよ。	[著者]	意外と食費が安く上がるんですよ	当為	自炊する
KN224_Gourmet_1-1-5-01	グルメというには少しみみっちいかもしれませんが、別に味もそんなに悪くないモンです。	[著者]	そんなに悪くないモンです	批評＋	[自炊する]
KN224_Gourmet_1-1-6-01	それに料理はメニューを考えたり作ったりする過程も楽しいものです。	[著者]	楽しいものです	批評＋	メニューを考えたり作ったりする過程
KN224_Gourmet_1-1-7-01	とはいってもただ漫然と料理していては節約にはなりません。	[著者]	ただ漫然と料理していては節約にはなりません	当為	ただ漫然と料理し
KN224_Gourmet_1-1-8-01	はじめのうちは誰でもあまりうまくいきません、ですが頭を使って料理をやってみると次第にうまくいくようになるのです。	[著者]	次第にうまくいくようになるのです	当為	頭を使って料理をやってみる
KN224_Gourmet_1-1-9-01	そこで、まだ短い自炊暦ですが、このブログをみて自炊を始める人がいることを願って、自炊のときに必要だと思うことことをあげてみました。				
KN224_Gourmet_1-1-10-01	まず買出し、ここで勝負は八割がた決まります。				
KN224_Gourmet_1-1-11-01	例えば普通のスパゲッティと五キロ４９８円のスパゲッティ、どちらを買うかで食費は大きく変わってきます。				
KN224_Gourmet_1-1-11-02	マ○ー				
KN224_Gourmet_1-1-11-03	イタリア製				
KN224_Gourmet_1-1-12-01	何が安いのか、考えて買いっていきます。				
KN224_Gourmet_1-1-13-01	複数のお店を回る余裕のない方は、行き着けのスーパーで安いものを見てから献立を考えるという手もあります。	[著者]	手もあります	当為	行き着けのスーパーで安いものを見てから献立を考える
KN224_Gourmet_1-1-13-02	おそらく大多数				
KN224_Gourmet_1-1-14-01	次に、料理本番です。				
KN224_Gourmet_1-1-15-01	このとき必要なのは段取り力です。	[著者]	必要なのは段取り力です	当為	段取り力
KN224_Gourmet_1-1-16-01	次は何をすべきか、そして料理全体の流れを把握し、最終的にすべての料理が温かい状態で食卓に並ぶ・・・				
KN224_Gourmet_1-1-17-01	ここまでできればひとまず何でもできるといってもいいと思います。				
KN224_Gourmet_1-1-18-01	実際私もそこまで完璧にはできませんが、少しでも無駄なくやればその分時間やコストは節約できるので日々中身のない頭をフル回転させて頑張っています。	[著者]\n[著者]	その分時間やコストは節約できる\n頑張っています	メリット＋\n感情＋	少しでも無駄なくやれ\n節約
KN224_Gourmet_1-1-19-01	最後に、後片付け。				
KN224_Gourmet_1-1-20-01	ここはただひたすらすぐにやることです。				
KN224_Gourmet_1-1-21-01	ためるのはマズイですよ。	[著者]	マズイですよ	当為	ためるの
KN224_Gourmet_1-1-22-01	悲惨なことになります。	[著者]	悲惨なことになります	メリット−	[ためるの]
KN224_Gourmet_1-1-23-01	つらつらと、長ったらしく偉そうに言ってしまいましたが、何が目的かといえば、皆さんに自炊のすばらしさを知ってもらいたいのです。	[著者]\n[著者]	すばらしさ\n知ってもらいたいのです	批評＋\n感情＋	自炊\n自炊のすばらしさを知ってもらい
KN224_Gourmet_1-1-24-01	おいしく楽しく料理をしてみてはいかがでしょうか。	[著者]	料理をしてみてはいかがでしょうか	当為	おいしく楽しく料理をしてみ
KN225_Gourmet_1-1-1-01	［グルメ］現代の食生活について				
KN225_Gourmet_1-1-2-01	現代の食生活は大変乱れていると感じられます。	[著者]	大変乱れていると感じられます	批評＋	現代の食生活
KN225_Gourmet_1-1-3-01	私たちは、食生活を大幅に変化させる必要があると思います。	[著者]	食生活を大幅に変化させる必要があると思います	当為	食生活を大幅に変化させる
KN225_Gourmet_1-1-4-01	なぜなら、現代の食生活により、私たちにとって生活習慣病はありふれたものとなっており、それに連動してわが国の医療費は増大する一方であるからです。	[著者]\n[著者]	生活習慣病はありふれたものとなっており\nわが国の医療費は増大する一方であるからです	メリット−\nメリット−	現代の食生活\n現代の食生活
KN225_Gourmet_1-1-5-01	これでは国の財政が破綻してしまいます。	[著者]	財政が破綻してしまいます	メリット−	これ[現代の食生活]
KN225_Gourmet_1-1-6-01	このため私たちは、食生活を見直す必要があるのです。	[著者]	食生活を見直す必要があるのです	当為	食生活を見直す
KN225_Gourmet_1-1-7-01	そこで、日常の食事を和食化することを提案します。	[著者]	日常の食事を和食化することを提案します	当為	日常の食事を和食化すること
KN225_Gourmet_1-1-8-01	欧米食というものは、肉類、油物が非常に多いため、体に負担がかかりやすいのです。	[著者]	体に負担がかかりやすいのです	メリット−	欧米食
KN225_Gourmet_1-1-9-01	特に日本人の腸は、欧米人のそれと比べて、長いのです。				
KN225_Gourmet_1-1-10-01	これは、なぜかというと、和食は、消化に時間がかかるため、腸が長くなければならないのです。				
KN225_Gourmet_1-1-11-01	和食というものは、白米、酢の物、漬物などといった発酵食品が多いので、腸内に残っても、発酵するので、腸が正常に機能します。	[著者]	腸が正常に機能します	メリット＋	和食
KN225_Gourmet_1-1-12-01	これが、和食の長所だといえるでしょう。	[著者]	これが、和食の長所だといえるでしょう	メリット＋	和食
KN225_Gourmet_1-1-13-01	逆に先ほど述べた肉類、油物といった食事は、腸内で、腐敗してしまうので、早く体外に放出する必要があります。	[著者]	腸内で、腐敗してしまう	メリット−	肉類、油物といった食事
KN225_Gourmet_1-1-14-01	しかし腸が長いとなかなか体外に放出されないので、腐敗のためにできた有毒物質が体内に蓄積することになります。	[著者]	腐敗のためにできた有毒物質が体内に蓄積することになります	メリット−	[肉類、油物といった食事]
KN225_Gourmet_1-1-15-01	これにより、血液が汚れてしまうために病気になってしまうと考えられます。	[著者]	病気になってしまうと考えられます	メリット−	これ[有毒物質が体内に蓄積すること]
KN225_Gourmet_1-1-16-01	このような理由から、私たちの食生活は、欧米食の割合を減らして、和食の割合を増やすべきだと考えられます。	[著者]	和食の割合を増やすべきだと考えられます	当為	和食の割合を増やす
KN227_Gourmet_1-1-1-01	［グルメ］大学の食堂				
KN227_Gourmet_1-1-2-01	高校時代までと違って，大学の食堂は大変充実している．	[著者]	大変充実している	批評＋	大学の食堂
KN227_Gourmet_1-1-3-01	一部では，京大の食堂は，国立大学の中では一番メニューが多いと主張されている．	[不定]	一番メニューが多い	メリット＋	京大の食堂
KN227_Gourmet_1-1-4-01	真偽はともかくとして，強ち間違いではないと思う．	[著者]	強ち間違いではないと思う	批評＋	[京大の食堂は，国立大学の中では一番メニューが多い]
KN227_Gourmet_1-1-5-01	私自身も，食堂は頻繁に利用するが，いまだに全メニューを制覇するには至っていない．	[著者]	頻繁に利用する	採否＋	食堂
KN227_Gourmet_1-1-6-01	食堂の方も，限定メニューや夕食メニューを出すなど対抗？してくるので，なかなか追いつかないのが現実です．				
KN227_Gourmet_1-1-7-01	まあ，それだけ充実しているということで，ありがたいワケなんですが．	[著者]	ありがたいワケなんですが	感情＋	[食堂]
KN227_Gourmet_1-1-8-01	この間食堂のテーブルの上に置いてあるお知らせをみていると，雑炊が今度から発売されるらしい．				
KN227_Gourmet_1-1-9-01	キノコなどの秋の味覚を取り入れたものから，定番のカニ雑炊やたまご雑炊まで…．				
KN227_Gourmet_1-1-10-01	まだ販売されていないようなので，始まったら是非とも食べてみたいです．	[著者]	是非とも食べてみたいです	感情＋	[雑炊]
KN227_Gourmet_2-1-1-01	［グルメ］とあるケーキ屋				
KN227_Gourmet_2-1-2-01	今週某日，授業がかなり早く終わりました．				
KN227_Gourmet_2-1-3-01	そこで，真っ直ぐ帰宅するのも儚いので，出町柳から丸太町まで鴨川沿いを歩いてみました．				
KN227_Gourmet_2-1-4-01	スポーツをしている人や散歩している人，昼寝をする人など，日常の京都人の姿を拝見できました．				
KN227_Gourmet_2-1-5-01	水量も前日雨が降ったわりには少なく，所々にある川の岸と岸を結ぶ石を飛び越えるのも容易でした．	[著者]	飛び越えるのも容易でした	メリット＋	所々にある川の岸と岸を結ぶ石を飛び越えるの
KN227_Gourmet_2-1-6-01	一部の石は亀の形をしていて，その上ちょっとルートから外れたところにも亀の石があって，流れの勢いを変えるのに必要なのか？と疑問に思いました．				
KN227_Gourmet_2-1-7-01	丸太町に着いて，丸太町通を西へしばらく進むと河原町通にぶつかります．				
KN227_Gourmet_2-1-8-01	この近くにとってもおいしいケーキ屋があって，立ち寄ってみました．	[著者]	とってもおいしいケーキ屋があって	批評＋	[Ｓａｌｏｎ　ｄｅ　Ｔｈｅ　Ｃｌｉｅｎｔｅｌｅ]
KN227_Gourmet_2-1-9-01	ケーキだけではなく，クッキーなどの洋菓子，さらにはサンドイッチも置いていてなかなか品揃えが豊富！	[著者]	クッキーなどの洋菓子，さらにはサンドイッチも置いていてなかなか品揃えが豊富！	メリット＋	[Ｓａｌｏｎ　ｄｅ　Ｔｈｅ　Ｃｌｉｅｎｔｅｌｅ]
KN227_Gourmet_2-1-10-01	奥にカフェコーナーがあるので，紅茶とケーキを食べてみました．				
KN227_Gourmet_2-1-11-01	味はなかなかよかったし，店内のインテリアもなかなか凝っていました．	[著者]\n[著者]	なかなかよかった\nなかなか凝っていました	批評＋\n批評＋	味\n店内のインテリア
KN227_Gourmet_2-1-12-01	少し休憩のつもりだったのに，２時間も居座ってしまえるほど快適な店でした．	[著者]	２時間も居座ってしまえるほど快適な店でした	メリット＋	[Ｓａｌｏｎ　ｄｅ　Ｔｈｅ　Ｃｌｉｅｎｔｅｌｅ]
KN227_Gourmet_2-1-13-01	ちなみにそのお店とはＳａｌｏｎ　ｄｅ　Ｔｈｅ　Ｃｌｉｅｎｔｅｌｅです．				
KN227_Gourmet_2-1-13-02	紹介ＵＲＬはここ				
KN228_Gourmet_1-1-1-01	［グルメ］パフェ				
KN228_Gourmet_1-1-2-01	京都の有名なつじりのパフェ食べてきました。				
KN228_Gourmet_1-1-3-01	正直、言ってレベルやばい。	[著者]	レベルやばい	批評＋	[つじりのパフェ]
KN228_Gourmet_1-1-4-01	ガチでうまかった。				
KN228_Gourmet_1-1-5-01	今まで私が食べてきたパフェをパフェと呼ぶならば、このつじりのパフェは超パフェであります。	[著者]	超パフェであります	批評＋	つじりのパフェ
KN228_Gourmet_1-1-6-01	食べてて口元が緩みました。	[著者]	口元が緩みました	批評＋	[つじりのパフェ]
KN228_Gourmet_1-1-7-01	目が勝手に笑っていました。				
KN228_Gourmet_1-1-8-01	非常おいしすぎておかわりをたのみそうになりました。				
KN228_Gourmet_1-1-9-01	あの店の前にダラダラと続く行列は確かに並ぶのには覚悟がいりますが、その価値はあります。	[著者]	並ぶのには覚悟がいりますが、その価値はあります	批評＋	[つじりのパフェ]
KN229_Gourmet_1-1-1-01	［グルメ］ラーメン屋				
KN229_Gourmet_1-1-2-01	京都に来てからラーメン屋めぐりをしているが、その中で一番のお気に入りの店を紹介する。				
KN229_Gourmet_1-1-3-01	河原町丸太町の交差点から少し南に下ったところにある「中華そば一神堂」。				
KN229_Gourmet_1-1-4-01	午後５時から翌朝１時までしか営業してない、ということはやはりおいしい店の証拠である。	[著者]	やはりおいしい店の証拠である	批評＋	午後５時から翌朝１時までしか営業してない
KN229_Gourmet_1-1-5-01	夜になると行列が出来る。				
KN229_Gourmet_1-1-6-01	京都のラーメン屋にしては珍しいあっさり風の豚骨醤油の「中華そば」がなんともおいしい。	[著者]	なんともおいしい	批評＋	中華そば
KN229_Gourmet_1-1-7-01	イチオシメニューは「一神堂そば」。				
KN229_Gourmet_1-1-8-01	中華そばより高いが、アサリが入ったスープはボンゴレ風で、これが今までにない新しい感覚でうまい。	[著者]	今までにない新しい感覚でうまい	批評＋	[一神堂そば]
KN229_Gourmet_1-1-9-01	まだ行ったことのない人は是非食べに行くといいと思う。	[著者]	是非食べに行くといいと思う	当為	食べに行く
KN230_Gourmet_1-1-1-01	［グルメ］フランス料理				
KN230_Gourmet_1-1-2-01	私は美味しいものには目がない。	[著者]	目がない	感情＋	美味しいもの
KN230_Gourmet_1-1-3-01	どうしても世間は安く食事を済ませてしまおうと思いがちだが、私には到底考えられない。	[著者]	到底考えられない	批評−	安く食事を済ませてしまおう
KN230_Gourmet_1-1-4-01	美味しいものを食べて生活していくことにこそ、ＱＯＬを高める要素があると思っているからだ。	[著者]	ＱＯＬを高める要素があると思っている	メリット＋	美味しいものを食べて生活していくことにこそ
KN230_Gourmet_1-1-5-01	昨晩、友人とフランス料理を食べる機会を設けた。				
KN230_Gourmet_1-1-6-01	「秋の収穫祭」ということで期待して向かったが、それ以上の料理だった。	[著者]	それ以上の料理だった	批評＋	[フランス料理]
KN230_Gourmet_1-1-7-01	店名物であるガーリックトーストをはじめ、エスカルゴとフォアグラのパイ包み焼き、秋刀魚ときのこのパエリア、タスマニア産サーモンのカルパッチョにラ・フランスのシャルロット。				
KN230_Gourmet_1-1-8-01	さすがに高額のコースを頼んだだけあって、期待以上の味を堪能することができた。	[著者]	期待以上の味を堪能することができた	批評＋	[フランス料理]
KN230_Gourmet_1-1-9-01	またフランス料理を食べに行く機会は必ず設けたいと思っている。	[著者]	必ず設けたいと思っている	感情＋	フランス料理を食べに行く機会
KN232_Gourmet_1-1-1-01	［グルメ］魚シック				
KN232_Gourmet_1-1-2-01	早いもので京都で生活を始めて半年が経つ。				
KN232_Gourmet_1-1-3-01	勉強にサークルにバイトに旅行にとせかせかと動き回って忙しく過ごしてきたから、ホームシックに襲われる暇もなかった。				
KN232_Gourmet_1-1-4-01	後期が始まった今もそれは同じで、ひとりの下宿に帰りついても友人の言うようにさみしいと思うことは正直あんまりない。				
KN232_Gourmet_1-1-5-01	あー疲れたお風呂入って寝よ、てなもんで。				
KN232_Gourmet_1-1-6-01	そんな薄情な私でも、このごろ無性〜に恋しくて恋しくてたまらないものがある。	[著者]	恋しくて恋しくてたまらない	感情＋	[鯖のみりん干し]
KN232_Gourmet_1-1-7-01	鯖のみりん干し。				
KN232_Gourmet_1-1-8-01	料理は好きで基本的に自炊をしているので、安くておいしい食材を求めて近隣のスーパーはあちこち巡ってみたけど、ふるさとのそれと同じ佇まいのみりん干しにお目にかかったことはない。				
KN232_Gourmet_1-1-9-01	もしあったとしても下宿に魚を焼くグリルがないからうちと同じようにはいただけないし。				
KN232_Gourmet_1-1-10-01	食べられないと思うと一層食べたくなるのが人情というもの。	[著者]	一層食べたくなるのが人情というもの	感情＋	[鯖のみりん干し]
KN232_Gourmet_1-1-11-01	脂ののったみりん干しをじうじう焼いて大根おろしと白いごはん。				
KN232_Gourmet_1-1-12-01	…あぁおなかすいた…				
KN232_Gourmet_1-1-13-01	今度帰省したときの晩ご飯のメニューとして今からリクエストしておこうと思う今日この頃である。				
KN232_Gourmet_2-1-1-01	［グルメ］好きな食べもの				
KN232_Gourmet_2-1-2-01	好きな食べものは何？というのはごくごくありふれているけど、よく考えたらとっても答えづらい質問じゃないだろうか。				
KN232_Gourmet_2-1-3-01	私は毎回答えに困っている。	[著者]	困っている	感情−	答え
KN232_Gourmet_2-1-4-01	小さいころはわりと激しい方だった偏食もすっかり鳴りを潜めた現在は、一般に食卓に並ぶようなものは大抵おいしくいただけるからだ。				
KN232_Gourmet_2-1-5-01	そのとき目の前に並んでいて「私を食べて！」と言っている食べものが一番好きだと言ってもいい。	[著者]	一番好きだと言ってもいい	感情＋	目の前に並んでいて「私を食べて！」と言っている食べもの
KN232_Gourmet_2-1-5-02	ように見える				
KN232_Gourmet_2-1-6-01	貧乏学生の身には空腹というスパイスが常時添加されているし…。				
KN232_Gourmet_2-1-7-01	「コレです」と即答できるほどに思い入れのある食べものがない。	[著者]	思い入れのある食べものがない	批評−	思い入れのある食べもの
KN232_Gourmet_2-1-8-01	だからいつも「甘いもの」などとお茶を濁している。				
KN232_Gourmet_2-1-9-01	でも辛いものも好きだ。	[著者]	好きだ	感情＋	辛いもの
KN232_Gourmet_2-1-10-01	しょっぱいものも好きだしあっさりしたものだって好きだなぁ。	[著者]\n[著者]	好きだ\n好きだなぁ	感情＋\n感情＋	しょっぱいもの\nあっさりしたもの
KN232_Gourmet_2-1-11-01	…つくづく幸せな人間である。	[著者]	幸せな人間である	批評＋	[不定]
KN232_Gourmet_2-1-12-01	我ながら。				
KN235_Gourmet_1-1-1-01	［グルメ］ロールキャベツ				
KN235_Gourmet_1-1-2-01	といえば家庭料理の代表、でもカレーとかハンバーグに比べればちょっと地味な地位に甘んじてる感のある料理。				
KN235_Gourmet_1-1-3-01	薄味のスープで煮込んだロールキャベツは全体の味がよく整っていて、たまに食べたくなる。	[著者]\n[著者]	全体の味がよく整っていて\nたまに食べたくなる	批評＋\n感情＋	ロールキャベツ\nロールキャベツ
KN235_Gourmet_1-1-4-01	そんなわけで京大から今出川通を東へ、天一の東隣にある「美幸」に行ってきた。				
KN235_Gourmet_1-1-5-01	３種類のロールキャベツが「おすすめ」としてメニューに載っている。				
KN235_Gourmet_1-1-6-01	普通、和風と、カレー。				
KN235_Gourmet_1-1-7-01	普通はケチャップがかかっている。				
KN235_Gourmet_1-1-8-01	和風はそぼろあんかけ。				
KN235_Gourmet_1-1-9-01	カレーは文字通りカレーがけのロールキャベツ。				
KN235_Gourmet_1-1-10-01	それぞれ丹念に煮込まれてあり、味つけも家庭料理風。				
KN235_Gourmet_1-1-11-01	お値段も７００円前後でこの値段でほっと一息つけるなら安いもんだ。	[著者]	安いもんだ	批評＋	[カレーがけのロールキャベツ]
KN235_Gourmet_1-1-11-02	そこらの安い定食屋には負けるが				
KN235_Gourmet_1-1-12-01	夜１０時前くらいになると売り切れの場合もあるのでお早めに。	[著者]	お早めに	当為	[カレーがけのロールキャベツ]
KN235_Gourmet_2-1-1-01	［グルメ］メロンパン				
KN235_Gourmet_2-1-2-01	最近昼食を質素にするよう心がけている。				
KN235_Gourmet_2-1-3-01	それもこれも、付き合いで友達と外食することが多くなっているからだ。				
KN235_Gourmet_2-1-4-01	京大周辺の定食屋なら比較的安くうまいものを食べることができるが、さすがにコストパフォーマンスの面で学食に勝るものはない。	[著者]\n[著者]	比較的安くうまいものを食べることができる\n勝るものはない	メリット＋\n批評＋	京大周辺の定食屋\n学食
KN235_Gourmet_2-1-5-01	だいたいライスＳ＋小鉢２品で昼メシができあがるわけなのだが、これではどうしても昼３時くらいには腹が減ってしまう。	[著者]	昼３時くらいには腹が減ってしまう	出来事−	ライスＳ＋小鉢２品
KN235_Gourmet_2-1-6-01	そこでついつい足が勝手に時計台ショップに向かう。	[著者]	足が勝手に時計台ショップに向かう	採否＋	時計台ショップ
KN235_Gourmet_2-1-7-01	目指すは菓子パン、それもボリュームあるメロンパンだ。				
KN235_Gourmet_2-1-8-01	１コでだいたい５００ｋｃａｌはある。				
KN235_Gourmet_2-1-9-01	糖分が脳に行き渡る感覚というのは快感で、結構ハマってしまう。	[著者]\n[著者]	快感で\n結構ハマってしまう	感情＋\n感情＋	糖分が脳に行き渡る感覚\n糖分が脳に行き渡る感覚
KN235_Gourmet_2-1-10-01	だがせっかく昼食で節約した分を菓子パンで消費しているので、結果としては何も変わっていないということになる。				
KN235_Gourmet_2-1-11-01	さらに悪いことには、メロンパンは大概１コ５００ｋｃａｌというカロリー爆弾であるので、昼食と合わせれば１０００ｋｃａｌ近く取っていることになる。	[著者]	１コ５００ｋｃａｌというカロリー爆弾である	メリット−	メロンパン
KN235_Gourmet_2-1-12-01	こんな事実に気づくと、「よし、昼飯をもちょっと質素にしよう」という更なる悪循環への第一歩を踏み出すことになるのであった。				
KN236_Gourmet_1-1-1-01	［グルメ］焼肉食べ放題２５００円				
KN236_Gourmet_1-1-2-01	焼肉焼肉食べ放題♪♪				
KN236_Gourmet_1-1-3-01	先日、友達四人で言ってきました☆				
KN236_Gourmet_1-1-4-01	焼肉ってやっぱし、、、、、、、、うまい！！	[著者]	うまい！！	感情＋	焼肉
KN236_Gourmet_1-1-5-01	飲み放題もついてたけど、誰もほとんど飲まずに、食べる食べる肉をひたすら食べる！！！！！！！！				
KN236_Gourmet_1-1-6-01	塩タンにカルビにハラミに、そこはまるで焼肉パラダイス☆☆	[著者]	パラダイス☆☆	批評＋	そこ[焼肉食べ放題]
KN236_Gourmet_1-1-7-01	めくりめく肉汁達の刺激がたまらないのです。	[著者]	たまらないのです	感情＋	めくりめく肉汁達の刺激
KN236_Gourmet_1-1-8-01	牛さんありがとう＾＾	[著者]	ありがとう＾＾	感情＋	牛さん
KN236_Gourmet_1-1-9-01	次の日はすごく元気になりました。	[著者]	すごく元気になりました	出来事＋	[牛さん]
KN236_Gourmet_1-1-10-01	また焼肉食べてがんばろう♪				
KN238_Gourmet_1-1-1-01	［グルメ］餃子				
KN238_Gourmet_1-1-2-01	我が家の母は餃子にうるさい。				
KN238_Gourmet_1-1-3-01	自分の手作りの餃子か、お気に入りのメーカーの冷凍餃子しか食べない。	[母]	自分の手作りの餃子か、お気に入りのメーカーの冷凍餃子しか食べない	採否＋	自分の手作りの餃子か、お気に入りのメーカーの冷凍餃子
KN238_Gourmet_1-1-4-01	近所に「餃子館」なるものができた時も一番騒いだのは母だった。				
KN238_Gourmet_1-1-5-01	まず、父に食べに行かせ、お土産用の餃子を買ってこさせた。				
KN238_Gourmet_1-1-6-01	いまいちだったらしく、彼女がその店に行くことが一度もないまま、その店は引っ越していった。	[母]\n[母]	いまいちだった\n行くことが一度もない	批評−\n採否−	[お土産用の餃子]\nその店[餃子館]
KN238_Gourmet_1-1-7-01	父も、母の餃子好きが移ったらしく、神奈川県に行く用事があった時に横浜中華街まで行って餃子を食べてきたそうだ。	[父]	横浜中華街まで行って餃子を食べてきた	採否＋	餃子
KN238_Gourmet_1-1-8-01	おいしかったよと言いながら、彼が家族にお土産として渡したのは、「餃子ようかん」だった。	[父]	おいしかったよ	批評＋	餃子ようかん
KN238_Gourmet_1-1-9-01	ようかんに、ニンニクとネギと生姜を混ぜたような味だった。				
KN238_Gourmet_1-1-10-01	北海道の「ジンギスカンキャラメル」や九州のスペースワールドの「エイリアンドリンク」、某デパートの「ドリアンアイス」に匹敵するインパクトだった。				
KN238_Gourmet_1-1-11-01	家族で食べきれなかったので、友人にも食べさせた。				
KN238_Gourmet_1-1-12-01	心の広い友人たちを持っていてよかったと思った。	[著者]	よかったと思った	感情＋	心の広い友人たちを持っていて
KN238_Gourmet_1-1-13-01	我が家の人間は、皆、餃子に関しては食通だと思う。				
KN238_Gourmet_1-1-14-01	手作りの餃子の味を一度覚えると、普通の餃子が餃子に思えなくなる。	[著者]	餃子に思えなくなる	批評−	手作りの餃子の味
KN238_Gourmet_1-1-15-01	手作り餃子は祖母直伝の味である。				
KN238_Gourmet_1-1-16-01	祖父母の家では、新年や誕生日、その他、祝い事があるたびに、親戚で集まって「餃子１００個パーティー」を開く。				
KN238_Gourmet_1-1-17-01	私が普段作る手抜き餃子は次のように作る。				
KN238_Gourmet_1-1-18-01	まず、小麦粉に水とごま油を混ぜてよくこね、寝かせる。				
KN238_Gourmet_1-1-19-01	次に、キャベツ、ニラ、白菜をとにかく細かく切り刻む。				
KN238_Gourmet_1-1-20-01	これに塩をまぶして、しばらく置いた後に、よく絞り、水を抜く。				
KN238_Gourmet_1-1-21-01	そこに豚肉を混ぜて具は完成だ。				
KN238_Gourmet_1-1-22-01	具を作っている間、ねかしておいた皮を棒のように伸ばして、それを適当な大きさに切り、まるい球を作る。				
KN238_Gourmet_1-1-23-01	これを麺棒でうまくのばして、おなじみの皮を作る。				
KN238_Gourmet_1-1-24-01	少し厚めにしておかないと、後で包む時に敗れてしまうかもしれないので要注意。	[著者]	要注意	当為	少し厚めにしておか
KN238_Gourmet_1-1-25-01	もちろん、厚すぎてもいけない。	[著者]	厚すぎてもいけない	当為	厚すぎて
KN238_Gourmet_1-1-26-01	最後に、皮で具を包んで完成だ。				
KN238_Gourmet_1-1-27-01	餃子は一見難しそうだが、実は、料理があまり得意でない私でも、時間さえあれば簡単に作れる。				
KN238_Gourmet_1-1-28-01	最近、世間では食べ物に神経質になっているようだ。				
KN238_Gourmet_1-1-29-01	他人に作ってもらった料理にけちをつけるのは、私はあまり好きではない。	[著者]	あまり好きではない	感情−	他人に作ってもらった料理にけちをつけるの
KN238_Gourmet_1-1-30-01	文句があるなら食べるな、と思う。	[著者]	文句があるなら食べるな、と思う	批評−	[他人に作ってもらった料理にけちをつけるの]
KN238_Gourmet_1-1-31-01	自分で作ればいい、とも思う。				
KN238_Gourmet_1-1-32-01	作ってみれば、案外簡単に市販のものよりおいしいものが作れる、かもしれない。	[著者]	案外簡単に市販のものよりおいしいものが作れる、かもしれない	メリット＋	[餃子]
KN238_Gourmet_2-1-1-01	［グルメ］讃岐うどん				
KN238_Gourmet_2-1-2-01	少し前に讃岐うどんがブームになった。	[不定]	ブームになった	採否＋	讃岐うどん
KN238_Gourmet_2-1-3-01	こしのある讃岐の麺が気に入っている。	[著者]	気に入っている	感情＋	こしのある讃岐の麺
KN238_Gourmet_2-1-4-01	実際に、香川県のうどんの店に食べに行ったことも何度かある。	[著者]	食べに行ったことも何度かある	採否＋	香川県のうどんの店
KN238_Gourmet_2-1-5-01	炎天下で一時間並び、醤油をかけただけのうどんを立って食べている時には、貴重な休日にこんなところまで来て、一体、何をしているのだろうかと思ったが、どの店もおいしくて満足した。	[著者]\n[著者]	何をしているのだろうかと思った\nおいしくて満足した	感情−\n感情＋	炎天下で一時間並び、醤油をかけただけのうどんを立って食べている時\nどの店
KN238_Gourmet_2-1-6-01	うどんだけを楽しみにしているのではない。				
KN238_Gourmet_2-1-7-01	もともと甘味処の主人であった人が経営する、あるうどん屋はおはぎが美味しい。	[著者]	美味しい	批評＋	おはぎ
KN238_Gourmet_2-1-8-01	小さい子供を連れていくと、棒アイスやペロペロキャンディーをくれる店もある。				
KN238_Gourmet_2-1-9-01	農家の蔵を改造した凝った造りの店では、うどんについてくる自家製の米で造ったおむすびの味が素晴らしかった。	[著者]	素晴らしかった	批評＋	自家製の米で造ったおむすびの味
KN238_Gourmet_2-1-10-01	おでんが美味しい店があれば、げその天ぷらが絶品の店、醤油がひょうたんに入っていて面白い店まで色々な、うどん以外の楽しみがある。	[著者]	楽しみがある	批評＋	[香川県のうどんの店]
KN238_Gourmet_2-1-10-02	イカの足				
KN238_Gourmet_2-1-11-01	もちろん、おいしいうどんを食べることを、第一の目的にして行くのだが。				
KN238_Gourmet_2-1-12-01	初めての店に行った時や、迷った時にはざるうどんを頼むことにしている。	[著者]	ざるうどんを頼むことにしている	採否＋	ざるうどん
KN238_Gourmet_2-1-13-01	讃岐うどんのこしを楽しみたいからだ。				
KN238_Gourmet_2-1-14-01	つゆをつけず、そのままで食べてもおいしいし、つゆやその薬味とともに食べるのもいい。	[著者]\n[著者]	おいしい\nいい	批評＋\n批評＋	そのままで食べて\nつゆやその薬味とともに食べるの
KN238_Gourmet_2-1-15-01	お気に入りの店はウズラの卵をつけてくれ、それを割ってつゆに入れると、味に深みが出る。	[著者]\n[著者]	ウズラの卵をつけてくれ\n味に深みが出る	メリット＋\nメリット＋	お気に入りの店\nそれを割ってつゆに入れる
KN238_Gourmet_2-1-16-01	変わった品で、うどんアイスというものを食べたこともある。				
KN238_Gourmet_2-1-17-01	アイスの中に凍ったうどんが入っていて、新触感だった。	[著者]	新触感だった	批評＋	アイスの中に凍ったうどんが入って
KN238_Gourmet_2-1-18-01	アイスのベースは「出し汁」だそうだが、意外と違和感なく食べられた。	[著者]	意外と違和感なく食べられた	批評＋	アイス
KN238_Gourmet_2-1-19-01	うどん屋について調べている中で、学ぶこともある。				
KN238_Gourmet_2-1-20-01	さすが、うどんの国というべきなのか、香川県には家を新築した時に風呂の中でうどんを食べる風習のある地域があるそうだ。				
KN238_Gourmet_2-1-21-01	うどんのゆで汁が水質汚染の原因になって困っている、などというような話を知ったりしながら、次のうどん屋を探すのは勉強にもなる。	[著者]	勉強にもなる	メリット＋	次のうどん屋を探すの
KN238_Gourmet_2-1-22-01	うどん屋をあらかじめ調べていくのも楽しいし、何となく立ち寄ってみたうどん屋が調べた店以上に当たりだったりもする。	[著者]\n[著者]	楽しい\n当たりだったりもする	感情＋\n批評＋	うどん屋をあらかじめ調べていくの\n何となく立ち寄ってみたうどん屋
KN238_Gourmet_2-1-23-01	讃岐うどんは、奥が深い。	[著者]	奥が深い	批評＋	讃岐うどん
KN240_Gourmet_1-1-1-01	［グルメ］舶来の名品				
KN240_Gourmet_1-1-2-01	落ち着いた雰囲気の喫茶店で美味いコーヒーを味わい、至福のひと時を…という洒落たことをしてみたいが、如何せん金がない。				
KN240_Gourmet_1-1-3-01	そこへいくと、河原町今出川の出町輸入食品は貧乏学生にとって非常に有難い店である。	[著者]	非常に有難い店である	批評＋	出町輸入食品
KN240_Gourmet_1-1-4-01	コーヒーの試飲とヨーロッパ製の上品な菓子の試食が無料で出来るのだ。	[著者]	無料で出来るのだ	メリット＋	[出町輸入食品]
KN240_Gourmet_1-1-5-01	で、十分に試食を堪能した後は挽きたてのコーヒー豆ｏｒ舶来の菓子を少々購入。				
KN240_Gourmet_1-1-6-01	お財布にやさしい上に、かなり美味しい。	[著者]	かなり美味しい	批評＋	[コーヒー]
KN240_Gourmet_1-1-7-01	出町輸入食品バンザイ！！	[著者]	バンザイ！！	批評＋	出町輸入食品
KN240_Gourmet_1-1-8-01	頻繁に通っていたら駐車場警備員のおじさんと顔見知りになってしまった。				
KN240_Gourmet_1-1-9-01	最近ちょっと行きづらい（笑）	[著者]	行きづらい（笑）	メリット−	[出町輸入食品]
KN243_Gourmet_1-1-1-01	［グルメ］ラーメン日本一について				
KN243_Gourmet_1-1-2-01	あぁ〜。				
KN243_Gourmet_1-1-3-01	もう下のサンガの記事書いたら元気無くなって来た。	[著者]	元気無くなって来た	感情−	サンガの記事書いた
KN243_Gourmet_1-1-4-01	でもガンバルンバであと３つ。				
KN243_Gourmet_1-1-5-01	タイトル通りラーメン日本一について。				
KN243_Gourmet_1-1-6-01	他の方もラーメンについていろいろ書いたりしてるのでボクも便乗してこの前行ったラーメン屋をご紹介。				
KN243_Gourmet_1-1-7-01	ここの名物ラーメンは最近雑誌なんかでも取り挙げられている「ど根性ラーメン」！				
KN243_Gourmet_1-1-8-01	まぁこういう「大食い」系の紹介記事とかっていくら『とりぁぇえず、デカいよぅ！！すごぃよぅ（はぁと）』とか『この量、この味、ぜひお店で食べてみてください！！』って書いてもあんまり意味無いので今回はボクが撮影してきた画像をお見せいたしましょう。	[著者]	あんまり意味無い	批評−	『とりぁぇえず、デカいよぅ！！すごぃよぅ（はぁと）』とか『この量、この味、ぜひお店で食べてみてください！！』って書いて
KN243_Gourmet_1-1-8-03	じゃあお前の紹介文いらんやろ	[著者]	いらんやろ	批評−	お前の紹介文
KN243_Gourmet_1-1-9-01	ケータイで撮ったので画質良くないですけど公式サイトの画像はモザイクかかってるかのように汚いのでまだマシかな。	[著者]\n[著者]\n[著者]	画質良くないです\nモザイクかかってるかのように汚い\nまだマシかな	批評−\nメリット−\n批評＋	[不定]\n公式サイトの画像\n[不定]
KN243_Gourmet_1-1-10-01	ど根性ラーメン				
KN243_Gourmet_1-1-11-01	さー食べるぞー！と思ったのもつかの間。				
KN243_Gourmet_1-1-12-01	これ画像では分かりにくいんですが実はチャーシューの下には大量のもやしが…。	[著者]	実はチャーシューの下には大量のもやしが…。	メリット−	これ[ど根性ラーメン]
KN243_Gourmet_1-1-13-01	これが最初にして最大の難関。	[著者]	最大の難関	批評−	これ[ど根性ラーメン]
KN243_Gourmet_1-1-14-01	もう食べても食べても減らないもやし。	[著者]	食べても食べても減らないもやし	メリット−	[ど根性ラーメン]
KN243_Gourmet_1-1-15-01	しばらくもやしは見たくないっすよ。	[著者]	見たくないっすよ	感情−	もやし
KN243_Gourmet_1-1-16-01	その後はひーこら言いながら食べました。				
KN243_Gourmet_1-1-17-01	味はしょうゆでオーソドックスな味わいでコクとキレがあって…	[著者]	コクとキレがあって	メリット＋	[ど根性ラーメン]
KN243_Gourmet_1-1-18-01	ボクは味オンチなのでこれくらいにしておきますが何はともあれこの量、この味、ぜひお店で食べてみてください！！	[著者]	ぜひお店で食べてみてください！！	当為	[ど根性ラーメン]
KN243_Gourmet_1-1-19-01	…あ、あれ？				
KN243_Gourmet_1-1-20-01	オマケ				
KN243_Gourmet_1-1-21-01	ど根性ギョーザ				
KN243_Gourmet_1-1-22-01	何故ギョーザをデカくする必要があるのか、という人類の疑問に挑んだ一品。				
KN243_Gourmet_1-1-23-01	個人的には白菜の芯の部分がコリコリしておいしかったです。	[著者]	おいしかったです	批評＋	[ど根性ギョーザ]
KN248_Gourmet_1-1-1-01	［グルメ］冬の味覚				
KN248_Gourmet_1-1-2-01	冬場私はルネでよく鍋を食べる。	[著者]	よく鍋を食べる	採否＋	鍋
KN248_Gourmet_1-1-3-01	なべ料理はいい。	[著者]	いい	批評＋	なべ料理
KN248_Gourmet_1-1-4-01	野菜と肉を同時に取ることができる。	[著者]	野菜と肉を同時に取ることができる	メリット＋	[なべ料理]
KN248_Gourmet_1-1-5-01	といってもこれだけでは足りないものがあるのでほかにも食べる。				
KN248_Gourmet_1-1-6-01	まず炭水化物がないので、ご飯の中を追加する。	[著者]	追加する	採否＋	ご飯の中
KN248_Gourmet_1-1-7-01	さらに冬場は肌が荒れやすいので、レバーの生姜煮を追加する。	[著者]	追加する	採否＋	レバーの生姜煮
KN248_Gourmet_1-1-8-01	おなかがとてもすいている時は餅も追加する。	[著者]	追加する	採否＋	餅
KN248_Gourmet_1-1-9-01	なべ料理の中でも特に好きなのは、チゲと鳥鍋である。	[著者]	特に好きなの	感情＋	チゲと鳥鍋
KN248_Gourmet_1-1-10-01	私は辛党なのでチゲの辛さが好きということもあるが、冬はカプサイシンのおかげか体が温まる。	[著者]\n[著者]	好き\n体が温まる	感情＋\nメリット＋	チゲの辛さ\nカプサイシン
KN248_Gourmet_1-1-11-01	また鳥鍋は少々味が薄いのでポン酢をふりかける。	[著者]	少々味が薄い	メリット−	鳥鍋
KN248_Gourmet_1-1-12-01	鳥のだしとぽん酢は非常によく合うので、これもまた好きだ。	[著者]\n[著者]	非常によく合う\n好きだ	批評＋\n感情＋	鳥のだしとぽん酢\n鳥のだしとぽん酢
KN248_Gourmet_2-1-1-01	［グルメ］食パンへのこだわり				
KN248_Gourmet_2-1-2-01	私は毎日パンを食べる派だ。	[著者]	毎日パンを食べる派だ	採否＋	パン
KN248_Gourmet_2-1-3-01	１斤６枚切りの食パンを１日１枚ずつ食べていく。				
KN248_Gourmet_2-1-4-01	毎日食べるものだから安くておいしいものにこしたことはない。				
KN248_Gourmet_2-1-5-01	安いといえば九十九円ショップの食パンだが、九十九円ショップの食パンはどうもパサパサしていてどうも好きになれない。	[著者]\n[著者]	どうもパサパサしていて\nどうも好きになれない	メリット−\n感情＋	九十九円ショップの食パン\n九十九円ショップの食パン
KN248_Gourmet_2-1-6-01	二条のジャスコでも毎週火曜日に食パンを１斤百円で売っているが、やはりパサパサしている。	[著者]	やはりパサパサしている	メリット−	二条のジャスコ
KN248_Gourmet_2-1-7-01	北山通りの生協なら、毎日百円の上にそれなりにおいしい。	[著者]\n[著者]	毎日百円\nそれなりにおいしい	メリット＋\n批評＋	北山通りの生協\n北山通りの生協
KN248_Gourmet_2-1-8-01	話しの方向を変えるが、多少高くてもおいしいパンが食べたいのなら、二条のジャスコで毎週火曜日に百九十八円もするが美味しくてコーヒーと合うデニッシュブレッドが売られている。	[著者]\n[著者]	百九十八円もする\n美味しくてコーヒーと合う	メリット−\nメリット＋	デニッシュブレッド\nデニッシュブレッド
KN248_Gourmet_2-1-9-01	ただ早めにかないと売り切れてしまう可能性が高いので、注意が必要である。	[著者]	注意が必要である	当為	注意
KN248_Gourmet_3-1-1-01	［グルメ］生協				
KN248_Gourmet_3-1-2-01	私は毎週日曜日にアルバイトをしている。				
KN248_Gourmet_3-1-3-01	そして夕方その帰り道に、北大路にある生協による。				
KN248_Gourmet_3-1-4-01	その生協ではいつもコープ食パンが１斤百円で売られている。				
KN248_Gourmet_3-1-5-01	私は毎朝パンを１枚食べるので、６枚切りの１斤でほぼ１週間はもつ。	[著者]	６枚切りの１斤でほぼ１週間はもつ	メリット＋	[コープ食パン]
KN248_Gourmet_3-1-6-01	またその生協では麦飯石ミネラルウオーターというものもっている。				
KN248_Gourmet_3-1-7-01	最初に専用のペットボトルを買わねばならないが、以降は二リットル五十円で買うことができる。	[著者]\n[著者]	専用のペットボトルを買わねばならない\n二リットル五十円で買うことができる	メリット−\nメリット＋	[麦飯石ミネラルウオーター]\n[麦飯石ミネラルウオーター]
KN248_Gourmet_3-1-8-01	この水は安いうえにおいしいので、通常の飲料水としてのほかに、私が自分でつけた梅酒を薄めるのにも使用している。	[著者]\n[著者]\n[著者]	安い\nおいしい\n自分でつけた梅酒を薄めるのにも使用している	批評＋\n批評＋\n採否＋	この水[麦飯石ミネラルウオーター]\nこの水[麦飯石ミネラルウオーター]\nこの水[麦飯石ミネラルウオーター]
KN248_Gourmet_4-1-1-01	［グルメ］お弁当屋さん				
KN248_Gourmet_4-1-2-01	京大正門の車専用の出入り口から出てすぐ左のところに、お昼時になるとキッチンフクチヤマというお弁当屋さんが来る。				
KN248_Gourmet_4-1-3-01	このお弁当屋さんは、ほかのお弁当屋さんと違って作ったお弁当を持ってくるのではなく、十時半ごろからキッチン機能付きの車でやってきてお弁当を作りはじめるので、作りたてでおいしい。	[著者]	作りたてでおいしい	批評＋	[キッチンフクチヤマ]
KN248_Gourmet_4-1-4-01	しかも全品四百五十円均一と他の弁当屋さんとあまり変わらない値段であるである。	[著者]	他の弁当屋さんとあまり変わらない値段であるである	メリット＋	[キッチンフクチヤマ]
KN248_Gourmet_4-1-5-01	お薦めは何かと聞かれたら、今のところはずれを引いたことはないので、全部がお薦めであろう。	[著者]	全部がお薦めであろう	当為	[キッチンフクチヤマ]
KN248_Gourmet_4-1-6-01	強いて言えば、私は豚カツのゴマポン味が好きだ。	[著者]	好きだ	感情＋	豚カツのゴマポン味
KN250_Gourmet_1-1-1-01	［グルメ］たくみ				
KN250_Gourmet_1-1-2-01	百万遍を少し西に行ったところにあるラーメン屋、たくみ。				
KN250_Gourmet_1-1-3-01	ここは京都では珍しい、とんこつ系のラーメンが名物である。				
KN250_Gourmet_1-1-4-01	特徴はなんと言ってもチャーシュー。	[著者]	特徴はなんと言ってもチャーシュー	メリット＋	[たくみ]
KN250_Gourmet_1-1-5-01	薄いが、とろとろの大量のチャーシューがのっている。				
KN250_Gourmet_1-1-6-01	チャーシューメンでなくても丼一杯のチャーシューがのっていて食べ応え抜群であるのだ。	[著者]	食べ応え抜群であるのだ	批評＋	[ラーメン]
KN250_Gourmet_1-1-7-01	ここのラーメンにはおいてあるきゅうりの漬物を大量に入れて食べるのがすきです。	[著者]	すきです	感情＋	きゅうりの漬物を大量に入れて食べるの
KN250_Gourmet_1-1-8-01	たくみラーメン６００円				
KN251_Gourmet_1-1-1-01	［グルメ］素晴らしき讃岐おでん				
KN251_Gourmet_1-1-2-01	僕の出身地は讃岐、つまり香川県です。				
KN251_Gourmet_1-1-3-01	讃岐の名物といえば「うどん」、というのは近年のうどんブームもあってご存知の方も多いでしょうが、讃岐のうどん屋さんにある「おでん」のことを、県外の方はあまりご存知でない。	[不定]\n[著者]\n[著者]	うどんブーム\nご存知の方も多いでしょう\n県外の方はあまりご存知でない	採否＋\n出来事＋\n出来事−	うどん\n讃岐のうどん屋さんにある「おでん」\n讃岐のうどん屋さんにある「おでん」
KN251_Gourmet_1-1-4-01	讃岐のうどん屋さんでは、うどんの他にもいろいろなサイドメニューを用意しているお店が多くあります。				
KN251_Gourmet_1-1-5-01	おでんは天ぷらやおにぎりに並んで特にメジャーなサイドメニューで、コンビニにあるような保温器にはいったおでんを、セルフサービスで取ってきて食べます。				
KN251_Gourmet_1-1-6-01	なぜおでんを売っているのかというと、聞くところによるとうどんと共通のだしで作れるからだそうです。	[著者]	うどんと共通のだしで作れる	メリット＋	おでん
KN251_Gourmet_1-1-7-01	真偽のほどは定かではないですが。				
KN251_Gourmet_1-1-8-01	讃岐のおでんの最大の特徴は、おでんに添えられる茶色く甘い「味噌だれ」です。	[著者]	おでんに添えられる茶色く甘い「味噌だれ」です	メリット＋	讃岐のおでん
KN251_Gourmet_1-1-9-01	関西では、おでんはだしの味で楽しむというのが一般的であるように思われますが、讃岐では味噌だれをつけておでんを食べるのです。				
KN251_Gourmet_1-1-10-01	僕は京都に出てくるまでは味噌の付いたおでんがしか知らなかったので、それが普通でないと知って大変なカルチャーショックを受けました。	[著者]	大変なカルチャーショックを受けました	感情−	それが普通でない
KN251_Gourmet_1-1-11-01	個人的に、味噌だれと最もよく合うと思う具は「たまご」です。	[著者]	味噌だれと最もよく合うと思う具	メリット＋	たまご
KN251_Gourmet_1-1-12-01	ほろほろと崩れた黄身と味噌だれが絡まって、なんともいえない味わいです。	[著者]	なんともいえない味わいです	メリット＋	[たまご]
KN251_Gourmet_1-1-13-01	もうコンビニでおでんが買える季節になりました。				
KN251_Gourmet_1-1-14-01	数年前から、一部のコンビニではからしと一緒に味噌だれもつけてくれるところが出てきました。				
KN251_Gourmet_1-1-15-01	味噌つきおでんを食べると、郷里のことを思い出します。				
KN251_Gourmet_2-1-1-01	［グルメ］小昼の思い出				
KN251_Gourmet_2-1-2-01	高野より北の東大路は、ラーメンストリートという呼ばれ方をされることもあるほど、数多くのラーメン店が軒を連ねている。				
KN251_Gourmet_2-1-3-01	かつてその中に、小昼という小さなラーメン店があった。				
KN251_Gourmet_2-1-4-01	真っ赤な庇と小さな電光看板。				
KN251_Gourmet_2-1-5-01	狭い店内には、１０席にも満たない席が真っ赤なカウンターに沿って並んでいる。				
KN251_Gourmet_2-1-6-01	下宿が近くだったこともあって、僕はその店によく通っていた。	[著者]	よく通っていた	メリット＋	その店[小昼]
KN251_Gourmet_2-1-7-01	小昼がウリにしていたメニューがタンメンだ。				
KN251_Gourmet_2-1-8-01	透き通った白湯スープのラーメンで、非常にあっさりとした味わいである。	[著者]	非常にあっさりとした味わいである	メリット＋	[タンメン]
KN251_Gourmet_2-1-9-01	強烈な個性を持ったラーメンではないが、このやさしい味わいが癖になって、つい小昼に足が向かった。	[著者]\n[著者]	このやさしい味わいが癖になって\n足が向かった	批評＋\n採否＋	[タンメン]\n小昼
KN251_Gourmet_2-1-10-01	２００５年の１０月、小昼は突然、「店舗改装と従業員研修のため休業」という張り紙を出して休業した。				
KN251_Gourmet_2-1-11-01	そして翌１１月、再びその扉を開くことのないまま、小昼は閉店してしまった。				
KN251_Gourmet_2-1-12-01	跡地には、新しいラーメン店ができた。				
KN251_Gourmet_2-1-13-01	庇は白、カウンターは黒色に塗り変わり、小昼の面影はほとんどなくなってしまった。	[著者]	小昼の面影はほとんどなくなってしまった	批評−	[新しいラーメン店]
KN251_Gourmet_2-1-14-01	小昼はどこに行ってしまったのだろう。				
KN251_Gourmet_2-1-15-01	あの献血とＦ１の好きな店主のおじさんは、どこで何をしているんだろう。				
KN251_Gourmet_2-1-16-01	今でも徹夜明けや飲み会の翌日、あまり食欲のないときには、あのすんなりと胃の中におさまってくれるタンメンが、無性に食べたくなる。	[著者]\n[著者]	すんなりと胃の中におさまってくれる\n無性に食べたくなる	メリット＋\n感情＋	タンメン\nタンメン
KN253_Gourmet_1-1-1-01	［グルメ］産地で野菜を食べてみたい	[著者]	食べてみたい	感情＋	産地で野菜を食べて
KN253_Gourmet_1-1-2-01	どうやら私は食に対するこだわりを、良い意味でも悪い意味でも持っていないようです。				
KN253_Gourmet_1-1-3-01	好き嫌いをしない代わりに、「好きな食べ物は？」とか「おいしいお店知ってる？」とか聞かれると答に詰まってしまいます。				
KN253_Gourmet_1-1-4-01	そんな私ですが、食に関して人生で一度はしてみたい事−−−それは、産地で野菜を食べる事です！	[著者]	人生で一度はしてみたい事	感情＋	産地で野菜を食べる事
KN253_Gourmet_1-1-5-01	私は経験無いのですが、取れ立ての野菜とそうでない野菜とでは、味がまるで違うとか。				
KN253_Gourmet_1-1-6-01	母親が田舎の農家出身なのですが、母は自分の家族が育てた米や野菜を食べて育ち、都会へ出てきて野菜をスーパーで買う事に衝撃を覚えたそうです。				
KN253_Gourmet_1-1-7-01	トマトとか、甘さからして違うそうで−−−。				
KN253_Gourmet_1-1-8-01	私はもともと野菜は好きな方なのですが、できれば一度くらいは、取れ立てのトマトを体験してみたいものです。	[著者]\n[著者]	好きな方なのです\n取れ立てのトマトを体験してみたいものです	感情＋\n感情＋	野菜\n取れ立てのトマト
KN253_Gourmet_1-1-9-01	もしそれで、スーパーのトマトが食べられなくなったらそれはそれで困りますけど・・・（笑）	[著者]	それはそれで困りますけど・・・（笑）	感情−	スーパーのトマトが食べられなくなった
KN254_Gourmet_1-1-1-01	［グルメ］路地裏のパフェ				
KN254_Gourmet_1-1-2-01	観光地である京都は、観光客でにぎわっている。				
KN254_Gourmet_1-1-3-01	中でも人気スポットの一つは祇園だろう。	[不定]	人気スポットの一つ	採否＋	祇園
KN254_Gourmet_1-1-4-01	古く趣のある町並みや、舞妓さんの優雅な姿に憧れを持つひとは多い。	[不定]	憧れを持つひとは多い	感情＋	古く趣のある町並みや、舞妓さんの優雅な姿
KN254_Gourmet_1-1-5-01	そのため、祇園界隈は観光客でごった返し、人気の店の前には長蛇の列ができる。	[著者]\n[著者]	観光客でごった返し\n長蛇の列ができる	批評−\n批評−	祇園界隈\n人気の店の前
KN254_Gourmet_1-1-6-01	しかし、そんな祇園にも静かな京都を味わえる場所がある。	[著者]	静かな京都を味わえる場所がある	メリット＋	祇園
KN254_Gourmet_1-1-7-01	祇園、花見小路脇へ入っていくと、表通りとはうってかわって静かな落ち着いた通りがある。	[著者]	静かな落ち着いた通りがある	メリット＋	花見小路脇へ入ってい
KN254_Gourmet_1-1-8-01	そこに「きなな」という小さな店がある。				
KN254_Gourmet_1-1-9-01	看板も小さく、一見お店とはわからないような町屋である。				
KN254_Gourmet_1-1-10-01	そこで味わえるのは、おいしいパフェ。	[著者]	味わえるのは、おいしいパフェ	メリット＋	パフェ
KN254_Gourmet_1-1-11-01	まずアイスがおいしい。	[著者]	アイスがおいしい	メリット＋	アイス
KN254_Gourmet_1-1-12-01	きなこ、ごま、抹茶、ほうじ茶などのアイスがあるが、どれも風味が豊かである。	[著者]	どれも風味が豊かである	批評＋	きなこ、ごま、抹茶、ほうじ茶などのアイス
KN254_Gourmet_1-1-13-01	パフェの中身も普通とは違う。				
KN254_Gourmet_1-1-14-01	通常、コーンフレークなどが使われているが、ここのパフェは京都らしく蕎麦ぼうろが使われている。	[きなな]	パフェは京都らしく蕎麦ぼうろが使われている	採否＋	蕎麦ぼうろ
KN254_Gourmet_1-1-15-01	蕎麦ぼうろはコーンフレークよりも香ばしく、あっさりしたヨーグルトのクリームによくあっている。	[著者]\n[著者]	香ばしく\nクリームによくあっている	批評＋\n批評＋	蕎麦ぼうろ\n蕎麦ぼうろ
KN254_Gourmet_1-1-16-01	このようにおいしいパフェを、情緒あふれる町屋カフェで食べるというのは、京都ならではの醍醐味ではないだろうか。	[著者]	醍醐味ではないだろうか	批評＋	このようにおいしいパフェを、情緒あふれる町屋カフェで食べるというの
KN254_Gourmet_2-1-1-01	［グルメ］鍋				
KN254_Gourmet_2-1-2-01	冬、といえば鍋だ。				
KN254_Gourmet_2-1-3-01	私が小さい頃から大好きな鍋を紹介しよう。	[著者]	大好きな鍋を紹介しよう	当為	大好きな鍋
KN254_Gourmet_2-1-4-01	ダシはこんぶ。				
KN254_Gourmet_2-1-5-01	出し汁を土鍋に入れ、白味噌で味付けする。				
KN254_Gourmet_2-1-6-01	中に入れるのは、白菜、しめじ、人参、大根、糸こんにゃく、豆腐、豚肉。				
KN254_Gourmet_2-1-7-01	特に大根と人参は、ピーラーを使って薄くむくようにする。				
KN254_Gourmet_2-1-8-01	少し変わっているが、こうすることで味がよく染みておいしい。	[著者]\n[著者]	味がよく染みて\nおいしい	メリット＋\n批評＋	こうすること\nこうすること
KN254_Gourmet_2-1-9-01	後はぐつぐつ煮るだけだ。				
KN254_Gourmet_2-1-10-01	熱々のおいしい鍋を家族でつつきながら食べるのは、一番の幸せだ。	[著者]	一番の幸せだ	感情＋	熱々のおいしい鍋を家族でつつきながら食べるの
KN254_Gourmet_3-1-1-01	［グルメ］さつまいも				
KN254_Gourmet_3-1-2-01	わたしはさつまいもが大好きです。	[著者]	大好きです	感情＋	さつまいも
KN254_Gourmet_3-1-3-01	秋になると、さつまいもがおいしいのでとても幸せです。	[著者]\n[著者]	おいしい\nとても幸せです	批評＋\n感情＋	さつまいも\nさつまいも
KN254_Gourmet_3-1-4-01	さつまいも料理の中で、１番好きなのはスイートポテトです。	[著者]	１番好きなの	感情＋	スイートポテト
KN254_Gourmet_3-1-5-01	ただ、作るときに裏ごしをしなくてはいけないのでとても大変です。	[著者]\n[著者]	裏ごしをしなくてはいけない\nとても大変です	メリット−\n批評−	[スイートポテト]\n[スイートポテト]
KN254_Gourmet_3-1-6-01	大学いもも大好きです。	[著者]	大好きです	感情＋	大学いも
KN254_Gourmet_3-1-7-01	実家でよく母がつくってくれました。				
KN254_Gourmet_3-1-8-01	でも、ただ焼いただけの焼き芋に、バターを塗って食べるのもおいしいです。	[著者]	おいしいです	批評＋	ただ焼いただけの焼き芋に、バターを塗って食べるの
KN254_Gourmet_3-1-9-01	素朴な味ですが、心も暖かくなります。	[著者]	心も暖かくなります	感情＋	[ただ焼いただけの焼き芋に、バターを塗って食べるの]
KN255_Gourmet_1-1-1-01	［グルメ］富小路通り				
KN255_Gourmet_1-1-2-01	京都には素敵なカフェがたくさんあります。	[著者]	素敵なカフェがたくさんあります	メリット＋	京都
KN255_Gourmet_1-1-3-01	大学生になってから私はそんなカフェをあちこち巡るのが大好きになりました。	[著者]	大好きになりました	感情＋	そんなカフェをあちこち巡るの
KN255_Gourmet_1-1-4-01	雰囲気のいいカフェ。				
KN255_Gourmet_1-1-5-01	ランチのおいしいカフェ。				
KN255_Gourmet_1-1-6-01	デザートが豊富なカフェ。				
KN255_Gourmet_1-1-7-01	ゆっくりと落ち着いて読書をしたり、友達と何時間も話したり。				
KN255_Gourmet_1-1-8-01	そんな自分の時間が持てるカフェを毎日探しています。				
KN255_Gourmet_1-1-9-01	最近は富小路通りに素敵なカフェを３つも見つけました。				
KN255_Gourmet_1-1-10-01	１つ目はカフェＬｕＬｕ。				
KN255_Gourmet_1-1-11-01	ここは小さな空間だけどかわいいインテリアが置いてあって素敵。	[著者]\n[著者]\n[著者]	かわいいインテリアが置いてあって\nかわいい\n素敵	メリット＋\n批評＋\n批評＋	ここ[カフェＬｕＬｕ]\nインテリア\nここ[カフェＬｕＬｕ]
KN255_Gourmet_1-1-12-01	有名なのはロコモコです。				
KN255_Gourmet_1-1-13-01	初めて食べたけど、ハンバーグがとてもおいしかった。	[著者]	とてもおいしかった	批評＋	ハンバーグ
KN255_Gourmet_1-1-14-01	２つ目はさらさ富小路。				
KN255_Gourmet_1-1-15-01	７００円前後でがっつり食べられるのがいいです。	[著者]\n[著者]	７００円前後でがっつり食べられるの\nいいです	メリット＋\n批評＋	[さらさ富小路]\n[さらさ富小路]
KN255_Gourmet_1-1-16-01	カフェはやっぱりランチが充実してるとこが魅力ですね。				
KN255_Gourmet_1-1-17-01	３つ目はカフェコチ。				
KN255_Gourmet_1-1-18-01	ここはまだ未開拓。				
KN255_Gourmet_1-1-19-01	でも雑誌やインターネットによるとかなり有名なところのようです。	雑誌やインターネット	かなり有名なところのようです	出来事＋	[カフェコチ]
KN255_Gourmet_1-1-20-01	近々ぜひ行ってみたいですね。	[著者]	行ってみたいですね	感情＋	[カフェコチ]
KN255_Gourmet_1-1-21-01	まだまだ行きたいカフェがいっぱいあります。				
KN255_Gourmet_1-1-22-01	オススメのカフェがあったら教えてください♪	[著者]	教えてください♪	要望	[不定]
KN255_Gourmet_2-1-1-01	［グルメ］茂庵				
KN255_Gourmet_2-1-2-01	京大生の人におすすめのカフェといえば吉田山の頂上にある茂庵というところです。	[著者]	京大生の人におすすめのカフェ	批評＋	茂庵
KN255_Gourmet_2-1-3-01	前々から噂に聞いていて、私もついに行ってきました。	[著者]	ついに行ってきました	採否＋	[茂庵]
KN255_Gourmet_2-1-4-01	山登り、山登り…。				
KN255_Gourmet_2-1-5-01	まさか京大の近くの吉田山にこんな雰囲気の素敵なカフェがあるなんて。	[著者]	素敵なカフェがある	メリット＋	[茂庵]
KN255_Gourmet_2-1-6-01	山の中にあるから、窓から京都の景色や緑が見渡せ、すごくゆっくり落ち着けるところでした。	[著者]\n[著者]	窓から京都の景色や緑が見渡せ\nすごくゆっくり落ち着けるところでした	メリット＋\nメリット＋	[茂庵]\n[茂庵]
KN255_Gourmet_2-1-7-01	私が注文したのはピタパンサンド。				
KN255_Gourmet_2-1-8-01	中の具は４種類から選べます。	[著者]	中の具は４種類から選べます	メリット＋	[ピタパンサンド]
KN255_Gourmet_2-1-9-01	紅いもスープが付いていておいしかったです。	[著者]\n[著者]	紅いもスープが付いていて\nおいしかったです	メリット＋\n批評＋	[ピタパンサンド]\n[ピタパンサンド]
KN255_Gourmet_2-1-10-01	雑誌にも載っていたりして、他県の観光客の人までわざわざこのカフェに立ち寄るために吉田山を登るとか。	雑誌\n他県の観光客の人	載っていたりして\nわざわざこのカフェに立ち寄るために吉田山を登る	採否＋\n採否＋	このカフェ[茂庵]\nこのカフェ[茂庵]
KN255_Gourmet_2-1-11-01	山登りといってもけっこう近いので、授業の合間とかにも行けそうです。	[著者]	授業の合間とかにも行けそうです	メリット＋	[茂庵]
KN255_Gourmet_2-1-12-01	京大生なら行くしかありませんね。	[著者]	京大生なら行くしかありませんね	当為	[茂庵]
KN257_Gourmet_1-1-1-01	［グルメ］食べ放題☆				
KN257_Gourmet_1-1-2-01	日曜に天王寺のＨＯＯＰの地下にぁる和食系の食べ放題に行ってきました★				
KN257_Gourmet_1-1-3-01	種類は豊富だし、なんと言ってもあっさり系が多ぃ！！！	[著者]\n[著者]	種類は豊富だ\nなんと言ってもあっさり系が多ぃ！！！	メリット＋\nメリット＋	[和食系の食べ放題]\n[和食系の食べ放題]
KN257_Gourmet_1-1-4-01	無農薬有機野菜を使ってて、きんぴらとかひじきとか煮物とかマリネサラダとか健康に優しぃ料理たちばっかりでつぃつぃ食べ過ぎちゃったーーー笑	[著者]\n[著者]	無農薬有機野菜を使って\n健康に優しぃ料理たちばっかり	メリット＋\nメリット＋	[和食系の食べ放題]\n[和食系の食べ放題]
KN257_Gourmet_1-1-5-01	デザートもわらびもちとかかぼちゃぷりん、チョコケーキとかいっっっっぱぃ！！！！	[著者]	チョコケーキとかいっっっっぱぃ！！！！	メリット＋	[和食系の食べ放題]
KN257_Gourmet_1-1-6-01	全部食べちゃった！！笑	[著者]	全部食べちゃった！！笑	採否＋	[デザートもわらびもちとかかぼちゃぷりん、チョコケーキとかいっっっっぱぃ！！！！]
KN257_Gourmet_1-1-7-01	・・・・んで２キロも太ってしまった。				
KN257_Gourmet_1-1-8-01	どぉする！？				
KN257_Gourmet_1-1-9-01	どぉするワタシ！？笑				
KN257_Gourmet_1-1-10-01	ぁれで１８９０円は大満足。	[著者]	大満足	感情＋	[和食系の食べ放題]
KN257_Gourmet_1-1-11-01	ぜひぜひおためしぁれ★	[著者]	ぜひぜひおためしぁれ★	当為	[和食系の食べ放題]
KN257_Gourmet_2-1-1-01	［グルメ］結婚式				
KN257_Gourmet_2-1-2-01	土曜日に結婚式の２次会で行ったお店の料理がとっても美味しくて。。。	[著者]	美味しくて。。。	批評＋	結婚式の２次会で行ったお店の料理
KN257_Gourmet_2-1-3-01	立食のバイキング形式やってんけど、３週もしてしまった…。	[著者]	３週もしてしまった…	採否＋	[結婚式の２次会で行ったお店の料理]
KN257_Gourmet_2-1-4-01	食べ物の魅力はオソロシイ。	[著者]	オソロシイ	感情−	食べ物の魅力
KN257_Gourmet_2-1-5-01	新郎新婦もステキで。	[著者]	ステキで	批評＋	新郎新婦
KN257_Gourmet_2-1-6-01	ステキ過ぎて羨ましかったー★笑	[著者]\n[著者]	ステキ過ぎて\n羨ましかったー★笑	批評＋\n感情＋	[新郎新婦]\n[新郎新婦]
KN257_Gourmet_2-1-7-01	また、誰か結婚してワタシを美味しいお店に招待してくれんかなーなーんて思ってしまう笑	[著者]	美味しいお店に招待してくれんかなーなーんて思ってしまう笑	要望	誰か結婚してワタシを美味しいお店に招待して
KN257_Gourmet_2-1-8-01	やっぱり結婚式関係のお店のレベルは大事だとつくづく思う。				
KN257_Gourmet_2-1-9-01	美味しくないとねー♪	[著者]	美味しくないとねー♪	当為	[結婚式関係のお店]
KN257_Gourmet_2-1-10-01	皆ＨＡＰＰＹになるし♪	[著者]	ＨＡＰＰＹになるし♪	出来事＋	[結婚式関係のお店]
KN257_Gourmet_2-1-11-01	二人がずっと幸せでぁりますょうに♪	[著者]	幸せでぁりますょうに♪	感情＋	二人がずっと幸せでぁり
KN258_Gourmet_1-1-1-01	［グルメ］スィーツ				
KN258_Gourmet_1-1-2-01	私は甘いものが大好きです。	[著者]	大好きです	感情＋	甘いもの
KN258_Gourmet_1-1-3-01	和洋中まったく問いません！！				
KN258_Gourmet_1-1-4-01	（中は杏仁豆腐くらいしか思い浮かばないけど…）				
KN258_Gourmet_1-1-5-01	京都に通い始めてから、北にいけばたくさんケーキやさんがあるし、どこも入りたくなるような店構え。	[著者]\n[著者]	たくさんケーキやさんがある\nどこも入りたくなるような店構え	メリット＋\n批評＋	北にいけ\nケーキやさん
KN258_Gourmet_1-1-6-01	中には、ボーっとしていたら通り過ぎてしまうよぅなお店もあったなぁ。	[著者]	通り過ぎてしまうよぅなお店もあったなぁ	メリット−	[ケーキやさん]
KN258_Gourmet_1-1-7-01	ケーキやさんと言えば、イートインが当たり前だとおもっていたのだけれども、この間行った、コムトゥダジュールは、テイクアウトのみのお店でとてもびっくりしました☆	[著者]	テイクアウトのみのお店でとてもびっくりしました☆	感情＋	コムトゥダジュール
KN258_Gourmet_1-1-7-02	喫茶				
KN258_Gourmet_1-1-7-03	北山				
KN258_Gourmet_1-1-8-01	中は暖かい感じの照明で、比較的安めのケーキがたくさん並んでいて、めっちゃ幸せ〜な気持ちになりました。	[著者]\n[著者]	比較的安めのケーキがたくさん並んでいて\nめっちゃ幸せ〜な気持ちになりました	メリット＋\n感情＋	[北山]\n[北山]
KN258_Gourmet_1-1-9-01	タルトもたくさんあり、タルトが好きやので、大満足でした。	[著者]\n[著者]\n[著者]	タルトもたくさんあり\nタルトが好きや\n大満足でした	メリット＋\n感情＋\n感情＋	[北山]\n[北山]\n[北山]
KN258_Gourmet_1-1-10-01	「とりあえず全部！」という言葉を飲み込み、「イチジクとリンゴのタルト１つ」を手にして、カップルの並ぶ鴨川の川辺をくだり、自分の部屋で紅茶をいれ、一人で味わいましたｏｒｚ				
KN258_Gourmet_1-1-11-01	誰か一緒にいこ〜！！				
KN259_Gourmet_1-1-1-01	［グルメ］				
KN259_Gourmet_1-1-2-01	食べるのは大好き！！	[著者]	大好き！！	感情＋	食べるの
KN259_Gourmet_1-1-3-01	うーん食べたいっと思ったときにそれを食べるのが一番ですよね	[著者]	それを食べるのが一番ですよね	批評＋	食べたいっと思ったときにそれを食べるの
KN259_Gourmet_1-1-4-01	ちなみに今は”ラーメン”が食べたい。。。	[著者]	食べたい。。。	感情＋	ラーメン
KN259_Gourmet_1-1-5-01	でも今日はバイトの飲み会だし、我慢しようっと。				
KN259_Gourmet_1-1-6-01	前言撤回。				
KN259_Gourmet_1-1-7-01	食べたいと体が訴えたものを、好きな人たちと食べるのが一番！！	[著者]	好きな人たちと食べるのが一番！！	感情＋	食べたいと体が訴えたものを、好きな人たちと食べるの
KN259_Gourmet_1-1-8-01	食べ過ぎないように気をつけまーす☆				
