KN012_Sports_1-1-1-01	［スポーツ］私の生きがい				
KN012_Sports_1-1-2-01	入部３ヶ月目にはじめてのレースを経験した。				
KN012_Sports_1-1-3-01	今の１回生では１番漕暦が浅いのに持ち前の体力と精神力でレース出場権を手にした。	[著者]	持ち前の体力と精神力でレース出場権を手にした	批評＋	[私]
KN012_Sports_1-1-4-01	そのレースは東大戦。				
KN012_Sports_1-1-5-01	２回生の中に混じっての初レース。				
KN012_Sports_1-1-6-01	種目はクォドという漕手４人、プラス、コックスという私たち漕手に様々な指令を出してくれる人１人の計５人が乗った、ボートレースである。				
KN012_Sports_1-1-7-01	２回生の先輩にとっては最初で最後の東大戦・・・。				
KN012_Sports_1-1-8-01	どうしても勝ちたい・・・。	[著者]	どうしても勝ちたい	感情＋	[東大戦]
KN012_Sports_1-1-9-01	でも相手は日本の中でも女子クォドの強豪、東京大学。	[著者]	強豪	批評＋	東京大学
KN012_Sports_1-1-10-01	しかも漕手は２、３回生・・・。				
KN012_Sports_1-1-11-01	私たちとの漕暦の差は１年・・・。				
KN012_Sports_1-1-12-01	絶望	[著者]	絶望	感情−	[東大戦]
KN012_Sports_1-1-13-01	私の頭の中にはその２文字しかなかった。				
KN012_Sports_1-1-14-01	準備期間はたった３週間。				
KN012_Sports_1-1-15-01	勝てるわけがない・・・。	[著者]	勝てるわけがない	批評−	[東大戦]
KN012_Sports_1-1-16-01	でも私たちは絶望感の中、必死で練習をこなしてきた。				
KN012_Sports_1-1-17-01	今年のインカレで男子エイトが準優勝するくらい、男子は部員も多く、練習もきついのに、私たちは彼らよりも多くの練習をこなしてきた。	[著者]	彼らよりも多くの練習をこなしてきた	批評＋	私たち
KN012_Sports_1-1-17-02	８人漕手＋コックス				
KN012_Sports_1-1-18-01	はじめは本当に前途多難で全く艇速が上がらなかった。				
KN012_Sports_1-1-19-01	しかし、２週間過ぎたころから艇速が徐々に上がってきた。	[著者]	２週間過ぎたころから艇速が徐々に上がってきた	出来事＋	[不定]
KN012_Sports_1-1-20-01	いけるかもしれない。	[著者]	いけるかもしれない	批評＋	[東大戦]
KN012_Sports_1-1-21-01	私は生意気にもそう思っていた。				
KN012_Sports_1-1-22-01	そんな生意気なこと、口には出せなかったけど。				
KN012_Sports_1-1-23-01	東大戦、当日。				
KN012_Sports_1-1-24-01	２００７年９月２３日日曜日。				
KN012_Sports_1-1-25-01	天気は曇り。				
KN012_Sports_1-1-26-01	神様は私に味方してくれたのだろうか？				
KN012_Sports_1-1-27-01	炎天下の苦手な私には最高の天候だ。	[著者]	炎天下の苦手な私には最高の天候だ	メリット＋	[天気は曇り]
KN012_Sports_1-1-28-01	私はあまりの緊張で一言も喋れない状態。				
KN012_Sports_1-1-29-01	朝から大好きな倖田来未をずーっと聞いて精神統一。	[著者]	大好きな	感情＋	倖田来未
KN012_Sports_1-1-30-01	あまりに恐い顔をしてたのだろうか？				
KN012_Sports_1-1-31-01	先輩たちが気を使ってくれている。	[著者]	先輩たちが気を使ってくれている	出来事＋	先輩たち
KN012_Sports_1-1-32-01	レースまであと１時間・・・。				
KN012_Sports_1-1-33-01	私たちは水上でのウォーミングアップのために出艇準備。				
KN012_Sports_1-1-34-01	水上へ出るとき、ボート部の皆が蹴り出しにきてくれた。	[著者]	水上へ出るとき、ボート部の皆が蹴り出しにきてくれた	出来事＋	ボート部の皆
KN012_Sports_1-1-35-01	涙が出そうだった。	[著者]	涙が出そうだった	感情＋	[ボート部の皆が蹴り出しにきてくれた]
KN012_Sports_1-1-36-01	私は一人じゃない。				
KN012_Sports_1-1-37-01	もうやるしかない。	[著者]	もうやるしかない	感情＋	[東大戦]
KN012_Sports_1-1-38-01	ウォーミングアップでの漕ぎ・・・				
KN012_Sports_1-1-39-01	うん、悪くない。	[著者]	悪くない	批評＋	[ウォーミングアップでの漕ぎ]
KN012_Sports_1-1-40-01	ものすごく緊張しているわりには安定している。	[著者]	安定している	批評＋	[ウォーミングアップでの漕ぎ]
KN012_Sports_1-1-41-01	スタートまであと少しだ。				
KN012_Sports_1-1-42-01	スタートつけよう。				
KN012_Sports_1-1-43-01	５分前・・・３分前・・・２分前・・・				
KN012_Sports_1-1-44-01	「京都大学、東京大学・・・・アテンション、ゴゥッ！」				
KN012_Sports_1-1-45-01	さぁ！！				
KN012_Sports_1-1-46-01	スタートだ！！				
KN012_Sports_1-1-47-01	ザババァ・・・				
KN012_Sports_1-1-48-01	やばい・・・	[著者]	やばい	感情−	[東大に出られた]
KN012_Sports_1-1-49-01	誰かのオールがもぐって艇が揺れ、東大に出られた・・・	[著者]	誰かのオールがもぐって艇が揺れ、東大に出られた	出来事−	[東大戦]
KN012_Sports_1-1-50-01	でもまだまだ２０００メートルもある！！	[著者]	でもまだまだ２０００メートルもある	メリット＋	[東大戦]
KN012_Sports_1-1-51-01	私たちはコンスタントが強い、水中も強い。	[著者]\n[著者]	コンスタントが強い\n水中も強い	メリット＋\nメリット＋	私たち\n私たち
KN012_Sports_1-1-52-01	諦めずに１２０パーセントの力、だしていこう！！	[著者]	諦めずに１２０パーセントの力、だしていこう	当為	[東大戦]
KN012_Sports_1-1-53-01	５００メートル地点。				
KN012_Sports_1-1-54-01	ちょっと東大が近づいてきたんじゃ？				
KN012_Sports_1-1-55-01	いいぞ！！	[著者]	いいぞ	感情＋	[ちょっと東大が近づいてきたんじゃ？]
KN012_Sports_1-1-56-01	ちゃんと詰めてる！！	[著者]	ちゃんと詰めてる	批評＋	[ちょっと東大が近づいてきたんじゃ？]
KN012_Sports_1-1-57-01	いいぞ！！	[著者]	いいぞ	感情＋	[ちょっと東大が近づいてきたんじゃ？]
KN012_Sports_1-1-58-01	１０００メートル地点。				
KN012_Sports_1-1-59-01	同回生の子から「水中もっとだせー！！」という声が聞こえる。				
KN012_Sports_1-1-60-01	もっと出さなきゃ・・・。	[著者]	もっと出さなきゃ	感情＋	[東大戦]
KN012_Sports_1-1-61-01	しんどい・・・。	[著者]	しんどい	感情−	[東大戦]
KN012_Sports_1-1-62-01	でも確実に東大と並んでる。				
KN012_Sports_1-1-63-01	いや、ちょっとでているかも？				
KN012_Sports_1-1-64-01	いける！！	[著者]	いける	批評＋	[東大戦]
KN012_Sports_1-1-65-01	これはもしかしたら・・・！！				
KN012_Sports_1-1-66-01	１５００メートル地点。				
KN012_Sports_1-1-67-01	東大が私の目の前にいる。				
KN012_Sports_1-1-68-01	半艇身は出ているか？				
KN012_Sports_1-1-69-01	うそ・・・。				
KN012_Sports_1-1-70-01	強豪の東京大学が私の目の前にいる！！	[著者]	強豪の東京大学が私の目の前にいる	出来事＋	[東大戦]
KN012_Sports_1-1-71-01	うそでしょ・・・？				
KN012_Sports_1-1-72-01	いける・・・	[著者]	いける	批評＋	[東大戦]
KN012_Sports_1-1-73-01	これは絶対いける！！	[著者]	これは絶対いける	批評＋	[東大戦]
KN012_Sports_1-1-74-01	１９５０メートル地点。				
KN012_Sports_1-1-75-01	あともう少し・・・。				
KN012_Sports_1-1-76-01	大きなミスもなく、本当に調子のいい私。	[著者]	本当に調子のいい	批評＋	私
KN012_Sports_1-1-77-01	よっしゃ、もっと水中だそう・・・・	[著者]	よっしゃ、もっと水中だそう	感情＋	[東大戦]
KN012_Sports_1-1-78-01	ん？				
KN012_Sports_1-1-79-01	やばい！！	[著者]	やばい	感情−	[バトンが服にひっかかった]
KN012_Sports_1-1-80-01	バトンが服にひっかかった！！	[著者]	バトンが服にひっかかった	出来事−	[東大戦]
KN012_Sports_1-1-81-01	落ち着こう。	[著者]	落ち着こう	感情＋	[東大戦]
KN012_Sports_1-1-82-01	バトンをもとに・・・				
KN012_Sports_1-1-83-01	よし、戻った！！	[著者]	戻った	出来事＋	[バトン]
KN012_Sports_1-1-84-01	私もラスト漕ごう！！！	[著者]	ラスト漕ごう	感情＋	[東大戦]
KN012_Sports_1-1-85-01	ファッ・・・				
KN012_Sports_1-1-85-02	ボートではゴールするとこんな音がなります。				
KN012_Sports_1-1-86-01	ん？				
KN012_Sports_1-1-87-01	私たちが先にゴールしたよね・・・？				
KN012_Sports_1-1-88-01	うそ・・・。				
KN012_Sports_1-1-89-01	涙がとめどなくあふれてきた。	[著者]	涙がとめどなくあふれてきた	感情＋	[東大戦]
KN012_Sports_1-1-90-01	しんどかった。	[著者]	しんどかった	感情−	[東大戦]
KN012_Sports_1-1-91-01	私たちが東大に勝てるとは微塵も思えなかった。	[著者]	私たちが東大に勝てるとは微塵も思えなかった	批評−	私たち
KN012_Sports_1-1-92-01	なのに勝てた・・・。	[著者]	勝てた	出来事＋	[東大戦]
KN012_Sports_1-1-93-01	うそでしょ・・・？				
KN012_Sports_1-1-94-01	勝利の凱旋ではボート部の皆が喜びと驚きでいっぱいといった顔で「おめでとう！！本当におめでとう！！」と言ってくれた。	ボート部の皆\nボート部の皆	喜びと驚きでいっぱい\nおめでとう！！本当におめでとう	感情＋\n批評＋	[勝てた]\n[勝てた]
KN012_Sports_1-1-95-01	私は皆に支えられてここまできたんだ。	[著者]	皆に支えられてここまできたんだ	批評＋	皆
KN012_Sports_1-1-96-01	本当に皆、ありがとう。	[著者]	ありがとう	批評＋	皆
KN012_Sports_1-1-97-01	生きてきた中で一番嬉しかったよ。	[著者]	生きてきた中で一番嬉しかったよ	感情＋	[東大に勝てたこと、努力が報われたこと、皆に心から感謝できたこと]
KN012_Sports_1-1-98-01	東大に勝てたこと、努力が報われたこと、皆に心から感謝できたこと・・・。				
KN012_Sports_1-1-99-01	ボート。				
KN012_Sports_1-1-100-01	それは私の今の生きがいのひとつ。	[著者]	今の生きがいのひとつ	批評＋	[ボート]
KN012_Sports_1-1-101-01	この間まで恋人が欲しかったものの、今はボートだけあれば生きていける。	[著者]	今はボートだけあれば生きていける	批評＋	ボート
KN012_Sports_1-1-102-01	何もいらない。	[著者]	何もいらない	感情＋	[ボート]
KN012_Sports_1-1-103-01	ボートさえあればいいと思っている。	[著者]	ボートさえあればいいと思っている	感情＋	ボート
KN012_Sports_1-1-104-01	朝の爽やかな風を感じながら漕ぐ。	[著者]	爽やかな	感情＋	風
KN012_Sports_1-1-105-01	少し冷たいけど、ａｍ４：３０起床で眠気に襲われている私にはものすごく心地よい目覚ましである。	[著者]	ものすごく心地よい	感情＋	[風]
KN012_Sports_1-1-106-01	本当に気持ち良い。	[著者]	本当に気持ち良い	感情＋	[風]
KN012_Sports_1-1-107-01	この気持ちよさがわからない人はボートはただしんどいものだと思ってしまう。	[著者]	この気持ちよさがわからない人はボートはただしんどいものだと思ってしまう	メリット−	ボート
KN012_Sports_1-1-108-01	もったいないなぁ・・・。	[著者]	もったいないなぁ	感情−	[ボートはただしんどいものだと思ってしまう]
KN012_Sports_1-1-109-01	確かにレースを経験して勝たないと本当の気持ちよさはわからないかも知れないけど。				
KN012_Sports_1-1-110-01	きっとレースを経験したら皆わかってくれる、そう信じてる。	[著者]	皆わかってくれる、そう信じてる	感情＋	[本当の気持ちよさ]
KN012_Sports_1-1-111-01	皆、特に１回生、これからもがんばろう、そしてよろしくね。	[著者]	これからもがんばろう	当為	[不定]
KN012_Sports_2-1-1-01	［スポーツ］京都レガッタ				
KN012_Sports_2-1-2-01	１０月１４日。				
KN012_Sports_2-1-3-01	それは１回生の私ともう一人、１回生女子で組んだダブルスカルという、２人乗りボートのレースがあった日だ。				
KN012_Sports_2-1-4-01	１回生同士で組んだクルーでの出場は初めて。				
KN012_Sports_2-1-5-01	天候は晴れ。				
KN012_Sports_2-1-6-01	やや肌寒いくらい。				
KN012_Sports_2-1-7-01	ウォーミングアップのため、水上へ。				
KN012_Sports_2-1-8-01	私たちの艇はそれなりに艇速が出ていた。	[著者]	それなりに艇速が出ていた	批評＋	私たちの艇
KN012_Sports_2-1-9-01	対戦相手は滋賀教育学部２艇と近畿大学。				
KN012_Sports_2-1-10-01	１回生で編成されたクルーは私たちだけかもしれない。				
KN012_Sports_2-1-11-01	でもそんなの関係ない。	[著者]	そんなの関係ない	批評＋	[１回生で編成されたクルーは私たちだけ]
KN012_Sports_2-1-12-01	やるしかない。	[著者]	やるしかない	感情＋	[京都レガッタ]
KN012_Sports_2-1-13-01	ウォーミングアップの安定感は悪くない。	[著者]	ウォーミングアップの安定感は悪くない	批評＋	ウォーミングアップの安定感
KN012_Sports_2-1-14-01	艇速も出ている。	[著者]	艇速も出ている	批評＋	[私たちの艇]
KN012_Sports_2-1-15-01	いけるかも・・・？	[著者]	いけるかも	批評＋	[私たちの艇]
KN012_Sports_2-1-16-01	でも自負はだめ。	[著者]	自負はだめ	当為	[不定]
KN012_Sports_2-1-17-01	油断禁物。	[著者]	油断禁物	当為	[不定]
KN012_Sports_2-1-18-01	あとレーススタートまで１０分。				
KN012_Sports_2-1-19-01	スタート地点まで行こう。				
KN012_Sports_2-1-20-01	５分前・・・３分前・・・２分前・・・				
KN012_Sports_2-1-21-01	「滋賀教育学部Ａ、近畿大学、京都大学、滋賀教育学部Ｂ・・・・アテンション、ゴゥッ！」				
KN012_Sports_2-1-22-01	私たちはスタートした。				
KN012_Sports_2-1-23-01	そんなに悪くはないスタートだったけどだめだ。	[著者]	だめだ	感情−	[少し出遅れた]
KN012_Sports_2-1-24-01	少し出遅れた。	[著者]	少し出遅れた	メリット−	[私たち]
KN012_Sports_2-1-25-01	でも私たちの持ち味はレース中盤だ。	[著者]	持ち味はレース中盤だ	メリット＋	私たち
KN012_Sports_2-1-26-01	１０００メートルもあるし大丈夫！！	[著者]	大丈夫	批評＋	１０００メートルもある
KN012_Sports_2-1-27-01	まだいける！！	[著者]	まだいける	批評＋	[私たち]
KN012_Sports_2-1-28-01	３００メートル地点。				
KN012_Sports_2-1-29-01	私たちは追い上げた。	[著者]	追い上げた	出来事＋	私たち
KN012_Sports_2-1-30-01	滋賀教育学部Ａ、Ｂは私たちの目の前にいるからもう大丈夫だ。	[著者]	もう大丈夫だ	批評＋	私たち
KN012_Sports_2-1-31-01	でも近畿大学はまだまだ喰らいついてくる。				
KN012_Sports_2-1-32-01	５００メートル地点。				
KN012_Sports_2-1-33-01	しんどい・・・。	[著者]	しんどい	感情−	[５００メートル地点]
KN012_Sports_2-1-34-01	いつもよりペースが速い。	[著者]	いつもよりペースが速い	批評−	[５００メートル地点]
KN012_Sports_2-1-35-01	レースだから仕方ないけど・・・。	[著者]	仕方ないけど	批評−	[いつもよりペースが速い]
KN012_Sports_2-1-36-01	近畿大学よりは少し出たか・・・？				
KN012_Sports_2-1-37-01	でもまだあと５００もある。				
KN012_Sports_2-1-38-01	油断は禁物。	[著者]	油断は禁物	当為	[不定]
KN012_Sports_2-1-39-01	７５０メートル地点。				
KN012_Sports_2-1-40-01	近畿大学に差を縮められたか・・・？				
KN012_Sports_2-1-41-01	並んでる。				
KN012_Sports_2-1-42-01	やばい・・・。	[著者]	やばい	感情−	[並んでる]
KN012_Sports_2-1-43-01	ラストスパートでペースを上げるも、漕ぎが小さくなっていて艇速が上がらない・・・。	[著者]	漕ぎが小さくなっていて艇速が上がらない	メリット−	[私たち]
KN012_Sports_2-1-44-01	ゴール寸前。				
KN012_Sports_2-1-45-01	並んでる。				
KN012_Sports_2-1-46-01	横一線だ。				
KN012_Sports_2-1-47-01	これは１秒の差もないくらいかもしれない。				
KN012_Sports_2-1-48-01	ファファッ・・・。				
KN012_Sports_2-1-49-01	どっちだ？				
KN012_Sports_2-1-50-01	負けた・・・？				
KN012_Sports_2-1-51-01	陸上に上がって順位を聞くと２位。	[著者]	陸上に上がって順位を聞くと２位	出来事−	[不定]
KN012_Sports_2-1-52-01	しかもその差は０．１７秒。				
KN012_Sports_2-1-53-01	日ごろの０．１７秒なんて何にもできないくらいの短さ。				
KN012_Sports_2-1-54-01	生まれて初めてこんなに悔しいものはないと思った。	[著者]	こんなに悔しいものはないと思った	感情−	[その差は０．１７秒]
KN012_Sports_2-1-55-01	０．１７秒の重みがずっしりと感じられた。	[著者]	０．１７秒の重みがずっしりと感じられた	感情−	[その差は０．１７秒]
KN012_Sports_2-1-56-01	次のレースは３週間後。				
KN012_Sports_2-1-57-01	この悔しさ、すべてぶつけてやる。	[著者]	この悔しさ、すべてぶつけてやる	感情＋	[次のレース]
KN012_Sports_3-1-1-01	［スポーツ］フットボールは				
KN012_Sports_3-1-2-01	子供を大人にし、大人を紳士にする。	[不定]\n[不定]	子供を大人にし\n大人を紳士にする	メリット＋\nメリット＋	[フットボール]\n[フットボール]
KN012_Sports_3-1-3-01	そんな言葉がある、が、本当にその通りだと思う。				
KN012_Sports_3-1-4-01	サッカーからは本当に多くのことを学んだと思う。	[著者]	サッカーからは本当に多くのことを学んだと思う	メリット＋	サッカー
KN012_Sports_3-1-5-01	何事も頭で考えたようには上手くいかないこと。				
KN012_Sports_3-1-6-01	ふっと浮かんだイメージ通りに体が動いて、すごいプレーだって出来ること。				
KN012_Sports_3-1-7-01	ひたすら繰り返すことでふっと超えられる壁もあるってこと。				
KN012_Sports_3-1-8-01	もう生まれながらに超えられない壁だってあるってこと。				
KN012_Sports_3-1-9-01	あるもので自分のスタイルを見つけて戦わなきゃ駄目ってこと。				
KN012_Sports_3-1-10-01	それでいいってこと。				
KN012_Sports_3-1-11-01	月並みだが、仲間と多くの時間を、辛い時もうれしい時も共有できること。				
KN012_Sports_3-1-12-01	毎年毎年サッカーをしていて、年ごとにサッカーが全然違うスポーツに見えてきている。				
KN012_Sports_3-1-13-01	これからはどう変わって見えるんだろうといいたいところだけど、あと一ヶ月程で引退だ。				
KN012_Sports_3-1-14-01	あともう一頑張り、しようかと思う。	[著者]	あともう一頑張り、しようかと思う	感情＋	[不定]
KN208_Sports_1-1-1-01	［スポーツ］父と野球				
KN208_Sports_1-1-2-01	私の父は野球が好きだった。	私の父	野球が好きだった	感情＋	野球
KN208_Sports_1-1-3-01	子供のころには父が応援するチームのティーシャツを着て父とキャッチボールをしたり、カレンダーの父が好きな選手の顔にひげとか描いて父に怒られたりしてた。				
KN208_Sports_1-1-4-01	すこし大きくなって、お笑い番組や人気のあるドラマが見たかったが、チャンネルの選択権は私には与えられなかった。	[著者]	お笑い番組や人気のあるドラマが見たかった	感情＋	お笑い番組や人気のあるドラマ
KN208_Sports_1-1-5-01	（　父　＞　母　＞　弟　＞＞乗り越えられない壁＞＞隣のナビちゃん（猫）＞　私　）				
KN208_Sports_1-1-6-01	毎日テレビで野球とニュースとスポーツニュースしか見えなかった。				
KN208_Sports_1-1-7-01	父によると、その以外の番組を見たら馬鹿になるから。。	父	その以外の番組を見たら馬鹿になる	批評−	その以外の番組
KN208_Sports_1-1-8-01	いつも同じくボールを投げってそれをバットで打ったり、なんの意味もないばかばかしい野球がどんどんいやになった。	[著者]	なんの意味もないばかばかしい野球がどんどんいやになった	感情−	野球
KN208_Sports_1-1-9-01	今は父とは離れて住んでいて、たまに晩ごはん食べながら野球を見るときがある。				
KN208_Sports_1-1-10-01	実は、もう好きなチームも好きな選手もできて、ほぼ毎日見ている。	[著者]\n[著者]	もう好きなチームも好きな選手もできて\nほぼ毎日見ている	出来事＋\n採否＋	[野球]\n[野球]
KN208_Sports_1-1-11-01	なんだか好きな選手もどんどん増えてきて、応援するのがますます楽しくなって、ちょっといやなことがあった日は早くスポーツニュースでも見たくなった。	[著者]\n[著者]\n[著者]	好きな選手もどんどん増えてきて\n応援するのがますます楽しくなって\n早くスポーツニュースでも見たくなった	出来事＋\n感情＋\n感情＋	[野球]\n[野球]\nスポーツニュース
KN208_Sports_1-1-12-01	勝っても負けても、その瞬間だけはすごく集中できて、なんでもかんでも忘れちゃってなんかすっきりするから。	[著者]\n[著者]	その瞬間だけはすごく集中できて\nなんでもかんでも忘れちゃってなんかすっきりする	メリット＋\nメリット＋	[野球]\n[野球]
KN208_Sports_1-1-13-01	実はニュース以外にはみんな馬鹿になる番組ばっかりじゃないかな。。	[著者]	ニュース以外にはみんな馬鹿になる番組ばっかりじゃないかな	批評−	ニュース以外
KN208_Sports_1-1-14-01	でも、少し馬鹿になって気楽に生き残る人生もそんなに悪くはないと思うんだな。。	[著者]	少し馬鹿になって気楽に生き残る人生もそんなに悪くはないと思うんだな	批評＋	少し馬鹿になって気楽に生き残る人生
KN209_Sports_1-1-1-01	［スポーツ］群雄割拠・プロ野球				
KN209_Sports_1-1-2-01	今年の野球がおもしろい。	[著者]	おもしろい	批評＋	今年の野球
KN209_Sports_1-1-3-01	セ・リーグ、パ・リーグともにいまだに優勝争いが繰り広げられている。				
KN209_Sports_1-1-4-01	それも３チーム。				
KN209_Sports_1-1-5-01	私は例年野球にはそれほど関心は持っていないのだが、今年に限っては毎日スポーツニュースをチェックするほどの入れ込みようである。	[著者]\n[著者]	例年野球にはそれほど関心は持っていない\n今年に限っては毎日スポーツニュースをチェックするほどの入れ込みようである	感情−\n感情＋	野球\n野球
KN209_Sports_1-1-6-01	ビール片手に野球観戦などという娯楽など自分には全く縁遠いと思っていたのだが、なるほど新橋のサラリーマンを夢中にさせるわけだ。	[著者]\n[著者]	自分には全く縁遠いと思っていた\nなるほど新橋のサラリーマンを夢中にさせるわけだ	感情−\n批評＋	野球観戦\n野球
KN209_Sports_1-1-7-01	好きなチームがいるならなおさらだろう。	[著者]	好きなチームがいるならなおさらだろう	批評＋	[野球]
KN209_Sports_1-1-8-01	ちなみに私は広島カープと楽天イーグルスが勝つと、すこしうれしい気分になる。	[著者]	すこしうれしい気分になる	感情＋	広島カープと楽天イーグルスが勝つ
KN209_Sports_1-1-9-01	今までのプロ野球と何が変わったのだろう。				
KN209_Sports_1-1-10-01	それはやはり一戦一戦の緊張感だろう。	[著者]	やはり一戦一戦の緊張感だろう	批評＋	[今年の野球]
KN209_Sports_1-1-11-01	プロ野球の半年間戦い続けるという特性上、前半は優勝への実感が沸かず、後半はなんだか結果が見えてくる感じがしていまいち熱が入らない。	[著者]\n[著者]\n[著者]	前半は優勝への実感が沸かず\n後半はなんだか結果が見えてくる感じがし\nいまいち熱が入らない	メリット−\nメリット−\n感情−	プロ野球の半年間戦い続けるという特性\nプロ野球の半年間戦い続けるという特性\nプロ野球の半年間戦い続けるという特性
KN209_Sports_1-1-12-01	なぜＦＩＦＡワールドカップはあれほどまでに我々を虜にするのだろう。	[著者]	あれほどまでに我々を虜にするのだろう	感情＋	ＦＩＦＡワールドカップ
KN209_Sports_1-1-13-01	なぜ高校球児が敗退すると泣けるのか。				
KN209_Sports_1-1-14-01	それは「負けたらそこで終わり」というプレッシャー。	[不定]	「負けたらそこで終わり」というプレッシャー	感情−	[敗退]
KN209_Sports_1-1-15-01	そしてなにより「誰にでもチャンスがある」というなのであろう。	[著者]	誰にでもチャンスがある	メリット＋	[不定]
KN209_Sports_1-1-16-01	先が読めない、しかし前に進むしかない。	[著者]	先が読めない、しかし前に進むしかない	当為	前に進む
KN209_Sports_1-1-17-01	試合に負けると、まるで世界が終わったかのような表情になるファン。				
KN209_Sports_1-1-18-01	それでも理由をこじつけて優勝を信じるスポーツ新聞。				
KN209_Sports_1-1-19-01	くくく…たまらない。	[著者]	たまらない	感情＋	[不定]
KN209_Sports_1-1-20-01	ちなみに私的プロ野球のみどころ。				
KN209_Sports_1-1-21-01	・楽天の「毛」マーク				
KN209_Sports_1-1-22-01	・ひちょりのギャグ				
KN209_Sports_1-1-23-01	・キレるジャン				
KN209_Sports_1-1-24-01	・古田監督の「代打、オレ」				
KN209_Sports_1-1-25-01	来シーズンもプロ野球戦線が盛り上がるといいですね〜。	[著者]	来シーズンもプロ野球戦線が盛り上がるといいですね	要望	来シーズンもプロ野球戦線が盛り上がる
KN209_Sports_1-1-26-01	個人的には楽天・カープにも優勝の可能性が見えるシステムの構築を期待しています笑	[著者]	楽天・カープにも優勝の可能性が見えるシステムの構築を期待しています笑	要望	楽天・カープにも優勝の可能性が見えるシステムの構築
KN210_Sports_1-1-1-01	［スポーツ］憧れとは何か？				
KN210_Sports_1-1-2-01	Ｋはぼくの夏休みの過ごし方を聞いて、「うらやましい」と言った。	Ｋ	うらやましい	感情＋	ぼくの夏休みの過ごし方
KN210_Sports_1-1-3-01	ぼくは一瞬その言葉が信じられなかった。	[著者]	その言葉が信じられなかった	感情−	[「うらやましい」と言った]
KN210_Sports_1-1-4-01	先日、同じゼミの女の子Ｋと話した。				
KN210_Sports_1-1-5-01	Ｋは夏休みを利用して一人で何週間か沖縄に行ってきたらしい。				
KN210_Sports_1-1-6-01	彼女は卒業論文で「サルサ」について書きたいと思っていたため、サルサの流行している沖縄で現地調査をすることも旅行の大きな目的の一つであった。				
KN210_Sports_1-1-7-01	彼女は単独で現地の人にインタビューしたり、偶然知り合った龍谷大学の調査グループに参加させてもらったり有意義な時間を過ごした。	[著者]	有意義な時間を過ごした	批評＋	彼女
KN210_Sports_1-1-8-01	こんな話を聞いていたら彼女がすごくうらやましくなってきた。	[著者]	すごくうらやましくなってきた	感情＋	彼女
KN210_Sports_1-1-9-01	彼女が学業にとって有意義な夏休みを送っていることやその行動力や追求心に対して。				
KN210_Sports_1-1-10-01	ぼくがそのように彼女にもらすと、彼女は逆に部活に熱中しているぼくが「うらやましい」と言った。	彼女	部活に熱中しているぼくが「うらやましい」	感情＋	部活に熱中しているぼく
KN210_Sports_1-1-11-01	ぼくはといえば、夏休みに入る前に夏休みのテーマを「部活、ＴＯＥＩＣ、卒業論文」の三つにしぼった。				
KN210_Sports_1-1-12-01	ダラダラ夏休みを過ごすことなんて嫌だった。	[著者]	ダラダラ夏休みを過ごすことなんて嫌だった	感情−	ダラダラ夏休みを過ごすこと
KN210_Sports_1-1-13-01	ぼくの持論では普通の人間が同時にできることは三つしかない。				
KN210_Sports_1-1-14-01	ところで、ぼくは大学に入ってから弓道を始めようと思って、体育会の弓道部に入った。				
KN210_Sports_1-1-15-01	例えば、大学の授業にちゃんと行って、部活を真剣にやって、バイトでもしっかり稼いで、彼女とマメに会い、卒業論文の調査をし、就活の情報を集め、ＴＯＥＩＣの勉強をしつつ…何てことは普通の人間にはできないはずだ。	[著者]	普通の人間にはできないはずだ	当為	例えば、大学の授業にちゃんと行って、部活を真剣にやって、バイトでもしっかり稼いで、彼女とマメに会い、卒業論文の調査をし、就活の情報を集め、ＴＯＥＩＣの勉強をしつつ…何てこと
KN210_Sports_1-1-16-01	もちろんぼくにはできなかった。	[著者]	もちろんぼくにはできなかった	批評−	[例えば、大学の授業にちゃんと行って、部活を真剣にやって、バイトでもしっかり稼いで、彼女とマメに会い、卒業論文の調査をし、就活の情報を集め、ＴＯＥＩＣの勉強をしつつ…何てこと]
KN210_Sports_1-1-17-01	だからぼくは時期によってやるべきことをしぼって集中するようになった。				
KN210_Sports_1-1-18-01	何かを得るためには何かを捨てなければいけない。	[著者]	何かを得るためには何かを捨てなければいけない	当為	何かを得るためには何かを捨て
KN210_Sports_1-1-19-01	時期によってテーマを変えていけば、長期的に見ればバランスの取れた生活が送れる。	[著者]	長期的に見ればバランスの取れた生活が送れる	メリット＋	時期によってテーマを変えていけ
KN210_Sports_1-1-20-01	しかし夏休みは結局ずっと部活しかしていない。	[著者]	しかし夏休みは結局ずっと部活しかしていない	出来事−	[不定]
KN210_Sports_1-1-21-01	最低限のレポートを書き、最大限の時間を弓道に割いている。				
KN210_Sports_1-1-22-01	ＴＯＥＩＣは七月の結果がかんばしくなかったのにも関わらず全然勉強していない。	[著者]\n[著者]	七月の結果がかんばしくなかった\n全然勉強していない	批評−\n批評−	ＴＯＥＩＣ\n[不定]
KN210_Sports_1-1-23-01	掲げたテーマに沿って夏休みを過ごしているとは言い難い。	[著者]	掲げたテーマに沿って夏休みを過ごしているとは言い難い	批評−	[不定]
KN210_Sports_1-1-24-01	部活一辺倒の生活だ。				
KN210_Sports_1-1-25-01	でもそんなぼくの生活に対して、彼女はある種の羨望の念を抱いていた。	彼女	ある種の羨望の念を抱いていた	感情＋	ぼくの生活
KN210_Sports_1-1-26-01	その念はぼくが彼女に対して抱いたものと根を同じくしているのではないか。				
KN210_Sports_1-1-27-01	つまり「無い物ねだり」である。	[著者]	「無い物ねだり」である	批評−	[その念]
KN210_Sports_1-1-28-01	ぼくが彼女の夏休みに対して憧れてしまうのは、ぼくが今の自分の生活を送るために捨てたものが彼女の生活に見えるからだ。				
KN210_Sports_1-1-29-01	逆に、彼女が何かを得るために捨てたものがぼくの生活を占めているので、彼女はぼくの夏休みを「うらやましい」と思うのだろう。				
KN210_Sports_1-1-30-01	たいてい、人は強欲だから何かを得るために捨てたものにも未練を残している。				
KN210_Sports_1-1-31-01	できれば、自分の欲っする全てを手にしたいと思う。	[著者]	自分の欲っする全てを手にしたいと思う	感情＋	自分の欲っする全てを手にし
KN210_Sports_1-1-32-01	さっきの例だと、単位とお金をガッチリ稼ぎ、部活とＴＯＥＩＣで良い結果を残し、学業と将来も安泰で…みたいな感じである。				
KN210_Sports_1-1-33-01	でも現実的にそれは無理だから何かをしぶしぶ捨てる。	[著者]\n[著者]	現実的にそれは無理\n何かをしぶしぶ捨てる	批評−\n感情−	[自分の欲っする全てを手にし]\n[不定]
KN210_Sports_1-1-34-01	ある時、その未練が憧れや羨望や嫉妬という形を取って現れる。				
KN210_Sports_1-1-35-01	「うらやましい」という言葉はポジティブな言葉ではないのかもしれない。	[著者]	ポジティブな言葉ではないのかもしれない	批評−	「うらやましい」という言葉
KN210_Sports_1-1-36-01	それは弱めの嫉妬であり、自分に欠けたものに対する未練を映したものだ。	[著者]\n[著者]	弱めの嫉妬であり\n自分に欠けたものに対する未練を映したものだ	批評−\n批評−	[「うらやましい」という言葉]\n[「うらやましい」という言葉]
KN210_Sports_2-1-1-01	［スポーツ］先輩の言葉				
KN210_Sports_2-1-2-01	毎年この時期になると思い出す言葉がある。				
KN210_Sports_2-1-3-01	二年前の弓道のリーグ戦でぼくは仕事をしていた。				
KN210_Sports_2-1-4-01	いわば試合の雑用である。				
KN210_Sports_2-1-5-01	弓道を始めてまだ半年くらいだったから２０射５中あたりをさまよっており、当然選手になれなかった。	[著者]	当然選手になれなかった	出来事−	[二年前の弓道のリーグ戦]
KN210_Sports_2-1-6-01	二年前のチーム事情は結構深刻なもので、中々選手が揃わなかったので常に二部リーグ降格の可能性がちらついていた。	[著者]	常に二部リーグ降格の可能性がちらついていた	メリット−	二年前のチーム事情
KN210_Sports_2-1-7-01	試合を楽しむ余裕なんて全くなかった。	[著者]	試合を楽しむ余裕なんて全くなかった	感情−	[二年前のチーム事情]
KN210_Sports_2-1-8-01	結局選手が八人揃わないまま、リーグ戦が始まって三つの惨敗と一つの辛勝に終わった。	[著者]\n[著者]	選手が八人揃わないまま、リーグ戦が始まって\n三つの惨敗と一つの辛勝に終わった	メリット−\n出来事−	[二年前の弓道のリーグ戦]\n[二年前の弓道のリーグ戦]
KN210_Sports_2-1-9-01	あるリーグ戦の試合の時、試合の途中、相手校が引いている時に、ある先輩が外でタバコを吸っていた。				
KN210_Sports_2-1-9-02	ホーム試合だった				
KN210_Sports_2-1-9-03	ちなみに弓道のリーグ戦は四人一組のグループが交互に引く形である				
KN210_Sports_2-1-10-01	その先輩は天才肌で明るい先輩である。	[著者]	天才肌で明るい	批評＋	先輩
KN210_Sports_2-1-11-01	他の多くの先輩には悲壮感が漂っていたけれど、彼はそんな風に見えなかった。	[著者]\n[著者]	悲壮感が漂っていた\n彼はそんな風に見えなかった	批評−\n批評＋	他の多くの先輩\n彼
KN210_Sports_2-1-12-01	ぼくが彼と話していると、ふと彼は疲れた表情を浮かべながら「リーグは引きたくないなぁ。」と言った。	彼	リーグは引きたくないなぁ	感情−	リーグ
KN210_Sports_2-1-13-01	彼の口からそんな暗い言葉が飛び出すなんて意外だったのでぼくはそれをよく覚えている。	[著者]	彼の口からそんな暗い言葉が飛び出すなんて意外だった	感情−	彼の口からそんな暗い言葉が飛び出す
KN210_Sports_2-1-14-01	彼は初戦こそ１７中したものの、どんどん調子を落としていって、１１月の東大との定期戦では残念を出して変えられてしまった。	彼\n彼	どんどん調子を落としていって\n残念を出して変えられてしまった	出来事−\n出来事−	[二年前の弓道のリーグ戦]\n[二年前の弓道のリーグ戦]
KN210_Sports_2-1-14-02	４射０中				
KN210_Sports_2-1-15-01	今年、ぼくはあの時の彼と同じ回生でリーグ戦を迎えた。				
KN210_Sports_2-1-16-01	今年になってから彼の言葉が重みを伴って胸に届くようになった。				
KN210_Sports_2-1-17-01	それは二年前と酷似している状況もあるからかもしれない。				
KN210_Sports_2-1-18-01	伸びない的中。	[著者]	伸びない的中	メリット−	[リーグ戦]
KN210_Sports_2-1-19-01	降格の危機。	[著者]	降格の危機	メリット−	[リーグ戦]
KN210_Sports_2-1-20-01	悲壮感。	[著者]	悲壮感	感情−	[リーグ戦]
KN210_Sports_2-1-21-01	焦り。	[著者]	焦り	感情−	[リーグ戦]
KN210_Sports_2-1-22-01	昨日の試合にかかっていたプレッシャーは大きく、先発の選手は一応全員完射したけど、控えの選手の多くは試合に出たくないと言っていた。	[著者]\n控えの選手の多く	昨日の試合にかかっていたプレッシャーは大きく\n試合に出たくない	感情−\n感情−	昨日の試合\n試合
KN210_Sports_2-1-23-01	特に初立と最終立は逃げ出したいくらいだった。	[著者]	逃げ出したいくらいだった	感情−	初立と最終立
KN210_Sports_2-1-24-01	試合に出て引きたくないと思ったのは初めてだった。	[著者]	引きたくないと思った	感情−	試合
KN210_Sports_2-1-25-01	でもラッキーにもホームだったおかげで、辛くも勝利した。	[著者]\n[著者]	ラッキー\n辛くも勝利した	感情＋\n出来事＋	ホームだった\n[試合]
KN210_Sports_2-1-26-01	個人的には悪くもないけど良くもない的中だった。				
KN210_Sports_2-1-27-01	ぼくは幹部でもないし、弓道と一生付き合っていくつもりもない。				
KN210_Sports_2-1-28-01	今はただ弓道を純粋に楽しみたいだけだ。	[著者]	今はただ弓道を純粋に楽しみたいだけだ	感情＋	弓道を純粋に楽しみ
KN210_Sports_2-1-29-01	ぼくにとって弓道は重苦しくやるものではないのだ。	[著者]	重苦しくやるものではないのだ	批評＋	弓道
KN210_Sports_2-1-30-01	次の試合はもっと肩の力を抜いて楽しくやりたいと思う。	[著者]	もっと肩の力を抜いて楽しくやりたいと思う	感情＋	次の試合
KN212_Sports_1-1-1-01	［スポーツ］剣道県３位☆				
KN212_Sports_1-1-2-01	うちの妹、今中３なんじゃけど、こないだ剣道の県総体で、個人、団体ともに３位になったんよー。	[著者]	剣道の県総体で、個人、団体ともに３位になったんよー	出来事＋	うちの妹
KN212_Sports_1-1-3-01	ほんますごいじゃろー。	[著者]	ほんますごいじゃろー	批評＋	[うちの妹]
KN212_Sports_1-1-4-01	うちも、小中とけんどうしよったんじゃけど、予選で、みごと敗退。	[著者]	予選で、みごと敗退	出来事−	予選
KN212_Sports_1-1-5-01	うちらあも、一応がんばりょったんじゃけどねー。。。				
KN212_Sports_1-1-6-01	ま、妹らあの努力には確実にかなわんと思います。	[著者]	妹らあの努力には確実にかなわんと思います	批評＋	妹らあの努力
KN212_Sports_1-1-7-01	だって、朝練、クラブがやすみなしじゃし、週末も剣道の練習試合やら、遠征やら、試合やらで、マジ凄かった。	[著者]	マジ凄かった	批評＋	[妹らあの努力]
KN212_Sports_1-1-8-01	昨日、妹と電話で話したんじゃけど、妹的には、やっぱ、１位になりたかったけえ、悔しいらしい。。。	妹\n妹	１位になりたかった\n悔しい	感情＋\n感情−	[剣道の県総体]\n[剣道の県総体で、個人、団体ともに３位になった]
KN212_Sports_1-1-9-01	うちからしたら、大健闘じゃけどねっ。	[著者]	大健闘じゃけどねっ	批評＋	[剣道の県総体で、個人、団体ともに３位になった]
KN212_Sports_1-1-10-01	ほんま、わが妹のあの努力には頭が上がらんし、妹を本当に誇りに思いますね。。	[著者]\n[著者]	わが妹のあの努力には頭が上がらん\n本当に誇りに思いますね	批評＋\n感情＋	わが妹のあの努力\n妹
KN213_Sports_1-1-1-01	［スポーツ］自転車				
KN213_Sports_1-1-2-01	何を思ったか、春にスポーツ用の自転車を買っちゃって、それ以降自転車がマイブームだ。	[著者]	自転車がマイブームだ	感情＋	自転車
KN213_Sports_1-1-3-01	くにゃっと曲がったドロップハンドルは最初こそ怖かったものの、慣れれば快適で、片道１７ｋｍの自転車通学もぜんぜん苦では無い。	[著者]\n[著者]	慣れれば快適\n片道１７ｋｍの自転車通学もぜんぜん苦では無い	感情＋\n批評＋	ドロップハンドル\nドロップハンドル
KN213_Sports_1-1-4-01	シンプルが故のダイレクト感は他のどんな乗り物よりも上で、純粋に乗ることそのものが楽しい。	[著者]\n[著者]	シンプルが故のダイレクト感は他のどんな乗り物よりも上\n楽しい	批評＋\n感情＋	[自転車]\n[自転車]
KN213_Sports_1-1-5-01	それに、機械いじりが好きな僕としては、自宅の玄関で自転車を整備するのもまた楽しい。	[著者]	自転車を整備するのもまた楽しい	感情＋	自転車を整備するの
KN213_Sports_1-1-6-01	休日暇なときには、サイクリングロードに走りに行ったりする。				
KN213_Sports_1-1-7-01	嵐山から桂川沿いに八幡まで、さらにそこから木津川沿いにＪＲ木津駅のあたりまで、延々と４５ｋｍに及ぶ自転車道が整備されているのだが、さすがに全部走りきるのはつらいので嵐山や、木津川の流れ橋くらいまで行くことが多い。	[著者]	嵐山や、木津川の流れ橋くらいまで行くことが多い	採否＋	自転車道
KN213_Sports_1-1-8-01	普段街中では車の排気ガスにまみれて走っているが、サイクリングロードの空気はいい。	[著者]\n[著者]	普段街中では車の排気ガスにまみれて走っている\nサイクリングロードの空気はいい	メリット−\nメリット＋	街中\nサイクリングロード
KN213_Sports_1-1-9-01	舗装もきれいだから振動も少ないし、風を受けながら土手の上を走るのは爽快だ。	[著者]\n[著者]\n[著者]	舗装もきれい\n振動も少ない\n風を受けながら土手の上を走るのは爽快だ	メリット＋\nメリット＋\n感情＋	[サイクリングロード]\n[サイクリングロード]\n風を受けながら土手の上を走るの
KN213_Sports_1-1-10-01	僕のと同じような自転車にのった人たちとすれ違うときは、お互いに会釈する。				
KN213_Sports_1-1-10-02	ただし価格はおそらく数倍				
KN213_Sports_1-1-11-01	お互い３０ｋｍ／ｈ以上で走ってるので、ほんの一瞬のことだが、同じ道を利用する仲間意識を感じてうれしかったりする。	[著者]	同じ道を利用する仲間意識を感じてうれしかったりする	感情＋	[お互いに会釈する]
KN213_Sports_1-1-12-01	自転車は有酸素運動なので健康にいいというが、自転車で毎月６００ｋｍ走る生活になってから、明らかに体が締まった。	[不定]\n[著者]	健康にいい\n明らかに体が締まった	メリット＋\nメリット＋	自転車\n自転車で毎月６００ｋｍ走る生活
KN213_Sports_1-1-13-01	しかし部品だウエアだとあれこれ買っているので、財布の中身も大幅にダイエットしている。	[著者]	財布の中身も大幅にダイエットしている	メリット−	部品だウエアだとあれこれ買っている
KN213_Sports_1-1-14-01	自重せねば。	[著者]	自重せねば	感情−	[部品だウエアだとあれこれ買っている]
KN215_Sports_1-1-1-01	［スポーツ］有酸素運動				
KN215_Sports_1-1-2-01	大学に入学してから単調増加の体重。	[著者]	単調増加の体重	出来事−	[不定]
KN215_Sports_1-1-3-01	これでは見た目が悪いのはもちろんのこと、健康に害が出てくると思い、一念発起して運動を始めました。	[著者]\n[著者]\n[著者]	見た目が悪い\n健康に害が出てくる\n一念発起して運動を始めました	メリット−\nメリット−\n出来事＋	[単調増加の体重]\n[単調増加の体重]\n運動
KN215_Sports_1-1-4-01	運動と言っても毎日３０分程度歩くだけなのですが、これが効果てきめん。	[著者]	効果てきめん	メリット＋	毎日３０分程度歩く
KN215_Sports_1-1-5-01	減量に成功することができました。	[著者]	減量に成功することができました	出来事＋	[毎日３０分程度歩く]
KN215_Sports_1-1-6-01	人に「やせたね」と言われるのがとても嬉しいです。	[著者]	とても嬉しいです	感情＋	人に「やせたね」と言われるの
KN215_Sports_1-1-7-01	服のサイズもはじめてダウンしました。	[著者]	服のサイズもはじめてダウンしました	出来事＋	[減量に成功することができました]
KN215_Sports_1-1-8-01	運動を始めて、何よりも疲れにくくなったのが嬉しかったです。	[著者]\n[著者]	疲れにくくなった\n嬉しかったです	メリット＋\n感情＋	運動を始めて\n疲れにくくなったの
KN215_Sports_1-1-9-01	忙しくなるとまとまった時間をとるのが難しそうですが、これからも継続していけたらいいなと思っています。	[著者]	これからも継続していけたらいいなと思っています	感情＋	[運動]
KN216_Sports_1-1-1-01	［スポーツ］なぎなた				
KN216_Sports_1-1-2-01	なぎなた、と聞いてスポーツとしてピンと来る人は少ないだろう。				
KN216_Sports_1-1-3-01	私も、妹がなぎなたをしていなければイメージは戦時中？なんてくらいひどいものだ。	[著者]	ひどいものだ	批評−	イメージ
KN216_Sports_1-1-4-01	そんなはっきり言ってしまえば、マイナーもマイナーなスポーツだが、見てみると大変面白い。	[著者]\n[著者]	マイナーもマイナーな\n大変面白い	メリット−\n批評＋	[なぎなた]\n[なぎなた]
KN216_Sports_1-1-5-01	自分の身長よりも長い長刀を使う「しかけ応じ」は決まった型を演じるのだが、何度見てもあきない。	[著者]	何度見てもあきない	批評＋	[なぎなた]
KN216_Sports_1-1-6-01	なぎなた部のある学校は少ないが、全国大会もあるし、一般対象の公開講座のようなものもある。				
KN216_Sports_1-1-7-01	１度、ご覧になってみてはどうだろうか。	[著者]	１度、ご覧になってみてはどうだろうか	当為	[なぎなた]
KN218_Sports_1-1-1-01	［スポーツ］未知なるスポーツ、ダーツ				
KN218_Sports_1-1-2-01	最近、僕がはまっているのがずばりダーツ。	[著者]	僕がはまっているのがずばりダーツ	感情＋	ダーツ
KN218_Sports_1-1-3-01	まぁみんな知ってると思うが、的を狙ってダーツを投げる。				
KN218_Sports_1-1-4-01	いたって簡単なように聞こえる。				
KN218_Sports_1-1-5-01	しかし、このダーツ、ゲーム自体にいろいろなものがあり、相当な技術が要求される。	[不定]	相当な技術が要求される	要望	ダーツ
KN218_Sports_1-1-6-01	まず一番ベーシックなゲームはというと、０１というもので、例えば３０１点からお互い三投ずつして、点数を減らしていき、先にちょうど０になったほうの勝ちである。				
KN218_Sports_1-1-7-01	最後のほうになるにつれて、徐々に真剣みが増していき、同時に技術も要求されてくる。				
KN218_Sports_1-1-8-01	個人的にお勧めのゲームはクリケットである。	[著者]	個人的にお勧めのゲームはクリケットである	当為	クリケット
KN218_Sports_1-1-9-01	１５〜２０、ブルを狙って例えば１５を三回あてれば自分の陣地になりそっから点数が入る、というものである。				
KN218_Sports_1-1-9-02	ど真ん中				
KN218_Sports_1-1-10-01	相手が陣地にしたところを自分も三回あてれば相手はそれ以降そこで得点できなくなるのだ。				
KN218_Sports_1-1-11-01	勝つには１５〜２０、ブルを全部三回当てるか、終わったときに点数が高ければよい。				
KN218_Sports_1-1-12-01	昨夜も友人とダーツしにいったが、相変わらず彼女の実力ははんぱない。	[著者]	変わらず彼女の実力ははんぱない	批評＋	彼女の実力
KN218_Sports_1-1-12-02	女				
KN218_Sports_1-1-13-01	０１を３回、クリケット１回全部負けた・・・				
KN218_Sports_1-1-14-01	面目なし。	[著者]	面目なし	批評−	[全部負けた]
KN218_Sports_1-1-15-01	投げるときの集中力がかなり重要で、また投げ方の安定性も必要である。	[著者]\n[著者]	投げるときの集中力がかなり重要で\n投げ方の安定性も必要である	当為\n当為	投げるときの集中力\n投げ方の安定性
KN218_Sports_1-1-16-01	また研究しよっと♪				
KN219_Sports_1-1-1-01	［スポーツ］近鉄バッファローズ				
KN219_Sports_1-1-2-01	自分でやっているのはマニアックなスポーツなので、スポーツ観戦、というか野球の話をひとつ。				
KN219_Sports_1-1-3-01	生まれが関西のため周りは巨人嫌いの阪神びいきという環境に育ったのだけど、父が近鉄ファンだったために一家そろって近鉄ファンだった。	父\n一家	近鉄ファン\nそろって近鉄ファンだった	感情＋\n感情＋	近鉄\n近鉄
KN219_Sports_1-1-4-01	巨人は「もちろん」嫌いだったけど、阪神ファンも内心「行き過ぎやろー」とあきれ顔で見ていた。	[著者]\n[著者]	巨人は「もちろん」嫌いだった\n阪神ファンも内心「行き過ぎやろー」とあきれ顔で見ていた	感情−\n感情−	巨人\n阪神ファン
KN219_Sports_1-1-5-01	私には、近鉄以上に豪快で面白い野球をするチームがあるとは思えなかった。	[著者]	近鉄以上に豪快で面白い野球をするチームがあるとは思えなかった	批評＋	近鉄
KN219_Sports_1-1-6-01	中学・高校ごろは真剣にそう思っていた。				
KN219_Sports_1-1-7-01	満塁逆転ホームランリーグ優勝のときは、周りに「ほれみろすごいやろ！」と自慢しまくりたかった。	[著者]	周りに「ほれみろすごいやろ！」と自慢しまくりたかった	感情＋	満塁逆転ホームランリーグ優勝
KN219_Sports_1-1-8-01	父から野球の話を聞くのも楽しかった。	[著者]	父から野球の話を聞くのも楽しかった	感情＋	父から野球の話を聞くの
KN219_Sports_1-1-9-01	浪人時代、大阪と往復する際に父の車で聞いたラジオ放送。				
KN219_Sports_1-1-10-01	春休み・夏休みの日曜日に見た甲子園。				
KN219_Sports_1-1-11-01	近鉄がなくなって、時代の波もあり次第に大リーグに移っていったテレビ観戦。				
KN219_Sports_1-1-12-01	ときおり聞いた昔の近鉄の活躍の話。				
KN219_Sports_1-1-13-01	大学に入って親元を離れ、野球を見ることはめっきりなくなってしまった。	[著者]	野球を見ることはめっきりなくなってしまった	採否−	野球
KN219_Sports_1-1-14-01	一度見る習慣がなくなると、私はそんなに野球好きではなかったんやなと気づいた。	[著者]	そんなに野球好きではなかったんやなと気づいた	感情−	野球
KN219_Sports_1-1-15-01	それでも実家に帰るとみんなで野球の話をするのが楽しいのである。	[著者]	実家に帰るとみんなで野球の話をするのが楽しいのである	感情＋	みんなで野球の話をするの
KN222_Sports_1-1-1-01	［スポーツ］スポーツについて思うこと				
KN222_Sports_1-1-2-01	どうも私はスポーツが全般的に好きになれない。	[著者]	好きになれない	感情−	スポーツ
KN222_Sports_1-1-3-01	たとえそれが観ること、自分でやることに関わらずに。				
KN222_Sports_1-1-4-01	結局オリンピックの時もテレビは見ないでずっと受験勉強をしていたし、クラスメイトたちが昨夜の野球選手の活躍を話題にしていても、全くわからない。	[著者]	全くわからない	批評−	野球
KN222_Sports_1-1-5-01	そもそも選手の名前どころか、リーグ内ののチームの名前さえ怪しい。	[著者]	選手の名前どころか、リーグ内ののチームの名前さえ怪しい	批評−	[野球]
KN222_Sports_1-1-6-01	だいたい私は暑いのが苦手なので、汗をかくようなことはしない。	[著者]\n[著者]	暑いのが苦手\n汗をかくようなことはしない	感情−\n批評−	暑いの\n汗をかくようなこと
KN222_Sports_1-1-7-01	だが水泳とスキーは別である。	[著者]	水泳とスキーは別である	批評＋	水泳とスキー
KN222_Sports_1-1-8-01	この二つは周囲の環境のお陰で、熱いと感じることはないからだ。				
KN222_Sports_1-1-9-01	だが結局それらも特別好きというわけではない。				
KN229_Sports_1-1-1-01	［スポーツ］世界柔道総括				
KN229_Sports_1-1-2-01	遅くなったってしまったが、してみる。				
KN229_Sports_1-1-3-01	たいした実力もない俺が総括なんてしてもたいした説得力はない。	[著者]\n[著者]	たいした実力もない\nたいした説得力はない	批評−\n批評−	俺\n総括
KN229_Sports_1-1-4-01	まず、結果を振り返ります。				
KN229_Sports_1-1-5-01	男子				
KN229_Sports_1-1-6-01	６０江種：４回戦敗退				
KN229_Sports_1-1-7-01	６６秋本：３回戦敗退				
KN229_Sports_1-1-8-01	７３金丸：銅（敗復				
KN229_Sports_1-1-9-01	８１塘内：２回戦敗退				
KN229_Sports_1-1-10-01	９０泉：２回戦敗退				
KN229_Sports_1-1-11-01	１００鈴木：２回戦敗退				
KN229_Sports_1-1-12-01	超井上：３決敗退（敗復				
KN229_Sports_1-1-13-01	無棟田：金				
KN229_Sports_1-1-14-01	女子				
KN229_Sports_1-1-15-01	４８谷：金				
KN229_Sports_1-1-16-01	５２西田：銅（敗復				
KN229_Sports_1-1-17-01	５７佐藤：銅				
KN229_Sports_1-1-18-01	６３谷本：銅				
KN229_Sports_1-1-19-01	７０岡：２回戦敗退				
KN229_Sports_1-1-20-01	７８中沢：銀				
KN229_Sports_1-1-21-01	超塚田：銀				
KN229_Sports_1-1-22-01	無塚田：金				
KN229_Sports_1-1-23-01	ですね。				
KN229_Sports_1-1-24-01	今回の大会はあんまり見れなかったので調べました。				
KN229_Sports_1-1-25-01	調べたくてこんな日記を書いてるのかも。				
KN229_Sports_1-1-26-01	さておき、今回の世界柔道では「柔道」と「ＪＵＤＯ」の違いに戸惑った。	[著者]	戸惑った	感情−	「柔道」と「ＪＵＤＯ」の違い
KN229_Sports_1-1-27-01	具体的には井上、鈴木の負けた試合など。	[著者]	負けた	出来事−	試合
KN229_Sports_1-1-28-01	日本柔道には２種類のルールがある。				
KN229_Sports_1-1-29-01	国内ルール：嘉納先生が作った柔道本来の形に近いルール。				
KN229_Sports_1-1-30-01	ポイントは有効以上。				
KN229_Sports_1-1-31-01	（有効、技あり、一本）				
KN229_Sports_1-1-32-01	国際ルール：柔道を国際化するときに作られたルール。				
KN229_Sports_1-1-33-01	ポイントは効果以上。				
KN229_Sports_1-1-34-01	（効果、有効、技あり、一本）				
KN229_Sports_1-1-35-01	日本では本来の柔道を尊重してしっかり組んで一本を取る柔道を目指している。	日本\n日本	尊重して\nしっかり組んで一本を取る柔道を目指している	批評＋\n批評＋	本来の柔道\nしっかり組んで一本を取る柔道
KN229_Sports_1-1-36-01	しかしながら、諸外国ではポイントを取って勝つＪＵＤＯを目指しているため、今回のような混乱が起こったと考えられる。	諸外国\n[著者]	ポイントを取って勝つＪＵＤＯを目指している\n混乱が起こった	批評＋\n出来事−	ポイントを取って勝つＪＵＤＯ\n[今回の世界柔道]
KN229_Sports_1-1-37-01	鈴木の試合では鈴木の大外刈が決まったかのように見えたが、相手選手が横に切り返した。				
KN229_Sports_1-1-38-01	最終的に相手選手が鈴木を制していたため、一本負け。				
KN229_Sports_1-1-39-01	確かに横捨身技に見える。				
KN229_Sports_1-1-40-01	ＪＵＤＯでは最終的にどちらが相手を制していたかを重要視する。	ＪＵＤＯ	最終的にどちらが相手を制していたかを重要視する	批評＋	最終的にどちらが相手を制していたか
KN229_Sports_1-1-41-01	らしい。				
KN229_Sports_1-1-42-01	柔道ならおそらく鈴木の一本勝ちとなっていた。				
KN229_Sports_1-1-43-01	と思う。				
KN229_Sports_1-1-44-01	普通に組んだら日本選手には敵わないから、外国選手は返し技の練習ばっかりしている。	[著者]\n[著者]	日本選手には敵わない\n外国選手は返し技の練習ばっかりしている	批評＋\n批評−	日本選手\n外国選手
KN229_Sports_1-1-45-01	らしい。				
KN229_Sports_1-1-46-01	まあいくら抗議しても結果は変わらないもの。				
KN229_Sports_1-1-47-01	仕方ないです。	[著者]	仕方ないです	批評−	[いくら抗議しても結果は変わらない]
KN229_Sports_1-1-48-01	そんな中７度目の優勝をした谷選手や高２のときに教育実習で筑波に来た佐藤愛子選手の活躍を見ると励まされる。	[著者]\n[著者]	７度目の優勝をした\n励まされる	批評＋\n感情＋	谷選手\n佐藤愛子選手の活躍
KN229_Sports_1-1-49-01	山下氏が理事選に落選したことも考えるとＪＵＤＯが日本に不利な形に移行していきそうで怖い。	[著者]\n[著者]	山下氏が理事選に落選した\n怖い	出来事−\n感情−	[不定]\nＪＵＤＯが日本に不利な形に移行していきそう
KN229_Sports_1-1-50-01	何が怖いって本来の柔道が廃れていくかもしれないということ。	[著者]	怖い	感情−	本来の柔道が廃れていくかもしれないということ
KN229_Sports_1-1-51-01	といっても自分ができているのか、という疑問は残る。				
KN229_Sports_2-1-1-01	［スポーツ］クライマックスシリーズ				
KN229_Sports_2-1-2-01	今年のプロ野球。				
KN229_Sports_2-1-3-01	日本ハムは完全優勝を果たしたが、巨人はリーグ優勝するもクライマックスシリーズで惨敗した。	[著者]\n[著者]\n[著者]	完全優勝を果たした\nリーグ優勝\n惨敗した	出来事＋\n出来事−\n出来事−	日本ハム\n巨人\n巨人
KN229_Sports_2-1-4-01	去年までもパリーグではリーグ優勝したホークスが敗れるなどの悲劇は起こっている。	[著者]\n[著者]\n[著者]	リーグ優勝した\n敗れる\n悲劇は起こっている	出来事＋\n出来事−\n出来事−	ホークス\nホークス\nリーグ優勝したホークスが敗れる
KN229_Sports_2-1-5-01	プロ野球人気がなくなってきた現在、クライマックスシリーズの存在は大きい。	[著者]\n[著者]	人気がなくなってきた\n存在は大きい	批評−\n批評−	プロ野球\nクライマックスシリーズ
KN229_Sports_2-1-6-01	これによって優勝決定戦により多くの注目が集まるからだ。	[著者]	より多くの注目が集まる	批評＋	[クライマックスシリーズ]
KN229_Sports_2-1-7-01	しかし、３位のチームにまで出られるというのはいかがなものか？	[著者]	いかがなものか	批評−	３位のチームにまで出られるというの
KN229_Sports_2-1-8-01	これはアメリカ大リーグの制度を真似たものであるが、アメリカでは各リーグ３つの地方で優勝したチームと優勝チームを除いたチームの中で勝率がもっともよかったチームが出られるというもの。				
KN229_Sports_2-1-9-01	日本のプロ野球は６チーム中３チームが出られる。				
KN229_Sports_2-1-10-01	これではペナントレースの意味がない。	[著者]	ペナントレースの意味がない	批評−	[６チーム中３チームが出られる]
KN229_Sports_2-1-11-01	また、上位のチームがホームでゲームが出来ることにはなっているものの、１位のチームは２位と３位のゲーム中ゲーム間隔があき、不利になるように感じる。	[著者]	不利になるように感じる	批評−	[クライマックスシリーズ]
KN229_Sports_2-1-12-01	今年のセリーグ場合、中日が強かったとしか言いようがないわけで、短期決戦を制してこそ、真の王者と呼べるという意見もあるだろう。	[著者]\n[不定]	中日が強かった\n短期決戦を制してこそ、真の王者と呼べるという意見もあるだろう	批評＋\n批評−	中日\n短期決戦を制し
KN229_Sports_2-1-13-01	しかし、はじめから１位と２位の勝負にしてしまったほうが、リーグ優勝チームを不利にさせてしまう現ルールよりいいのではないかと思う。	[著者]\n[著者]	リーグ優勝チームを不利にさせてしまう\n現ルールよりいいのではないかと思う	批評−\n批評＋	現ルール\nはじめから１位と２位の勝負にしてしまった
KN230_Sports_1-1-1-01	［スポーツ］巨人優勝				
KN230_Sports_1-1-2-01	５年ぶりに巨人がペナントを奪回した。	[著者]	ペナントを奪回した	出来事＋	巨人
KN230_Sports_1-1-3-01	生まれも育ちも関西である私が巨人を応援している。	[著者]	応援している	批評＋	巨人
KN230_Sports_1-1-4-01	阪神の優勝年は肩身の狭い思いをするが、巨人優勝で今年は一人で騒いでいる。	[著者]\n[著者]	肩身の狭い思いをする\n一人で騒いでいる	感情−\n感情＋	阪神の優勝年\n巨人優勝
KN230_Sports_1-1-5-01	今年の巨人は強かった。	[著者]	強かった	批評＋	巨人
KN230_Sports_1-1-6-01	１番に高橋由伸、２番に谷を置き、さらには昨年の日本ハムリーグ優勝貢献者の小笠原を獲得した。	[著者]\n[著者]	日本ハムリーグ優勝貢献者\n獲得した	批評＋\nメリット＋	小笠原\n[巨人]
KN230_Sports_1-1-7-01	また先発としてプライドの高い上原が、原監督の掲げるチーム愛を尊重し、クローザーとしての役割を果たしてくれた。	[著者]\n上原\n[著者]	プライドの高い\n尊重し\nクローザーとしての役割を果たしてくれた	批評＋\n批評＋\n批評＋	上原\n原監督の掲げるチーム愛\n上原
KN230_Sports_1-1-8-01	クライマックスシリーズ優勝、そして日本一になることを願ってやまない。	[著者]	願ってやまない	感情＋	クライマックスシリーズ優勝、そして日本一になること
KN236_Sports_1-1-1-01	［スポーツ］クライマックスシリーズ				
KN236_Sports_1-1-2-01	今年の阪神はなんやったんや！！	[著者]	なんやったんや	批評−	阪神
KN236_Sports_1-1-3-01	初め弱くて途中むっちゃ強くなって首位にたって、でもそっからまた弱くなって、、、、、、なんやったんやろう。。。	[著者]	なんやったんやろう	批評−	[阪神]
KN236_Sports_1-1-4-01	でもクライマックスシリーズに残ることが出来たから、頑張ってもらうことにしよう♪	[著者]\n[著者]	クライマックスシリーズに残ることが出来た\n頑張ってもらうことにしよう	出来事＋\n要望	[阪神]\n[阪神]
KN236_Sports_1-1-5-01	ヒルマン監督が今季限りみたいで、寂しいなと思ってたけど、日ハム優勝してホント良かったと思う☆	[著者]\n[著者]	寂しいなと思ってた\nホント良かったと思う	感情−\n感情＋	ヒルマン監督が今季限り\n日ハム優勝して
KN236_Sports_1-1-6-01	ちょっと前までなんて日ハムとロッテは弱いイメージしかなかったけど、最近はホント頑張ってる＾＾	[著者]\n[著者]	弱いイメージしかなかった\n最近はホント頑張ってる	批評−\n批評＋	日ハムとロッテ\n日ハムとロッテ
KN236_Sports_1-1-7-01	判官びいきというか、弱いとこが強いとやっぱし嬉しいし♪	[著者]	やっぱし嬉しいし	感情＋	弱いとこが強い
KN236_Sports_1-1-8-01	アンチ巨人だ。	[著者]	アンチ巨人だ	感情−	巨人
KN243_Sports_1-1-1-01	［スポーツ］京都サンガについて				
KN243_Sports_1-1-2-01	このブログの右側に検索窓あるじゃないですか。				
KN243_Sports_1-1-3-01	で、「サンガ」って検索するじゃないですか。				
KN243_Sports_1-1-4-01	そうしたらこの仕打ち↓				
KN243_Sports_1-1-5-01	『サンガを含むページが見つかりませんでした。』	[不定]	サンガを含むページが見つかりませんでした	採否−	サンガ
KN243_Sports_1-1-6-01	……。				
KN243_Sports_1-1-7-01	クケぇー！				
KN243_Sports_1-1-8-01	京都唯一のプロスポーツにもうちょっとこう興味を抱こうよインテリゲンチャ！！	[著者]	もうちょっとこう興味を抱こうよ	当為	京都唯一のプロスポーツ
KN243_Sports_1-1-9-01	まぁ確かに人気無いのは知ってましたよ。	[不定]	人気無い	批評−	[京都サンガ]
KN243_Sports_1-1-10-01	ありがたい事に生協にはとってもとっても面白い京都サンガの試合の観戦チケットがお求め安いお値段で置いてあるのです。	[著者]\n[著者]	とってもとっても面白い\nお求め安いお値段で置いてあるのです	感情＋\nメリット＋	京都サンガの試合\n京都サンガの試合の観戦チケット
KN243_Sports_1-1-11-01	で、この前お店の店員さんに聞いたんですよ。				
KN243_Sports_1-1-12-01	『すいません、このチケットとかって売れてるんですか？』って。				
KN243_Sports_1-1-13-01	そうしたらこの返答↓				
KN243_Sports_1-1-14-01	『あぁー……。まぁ買う人もいるんですけどねー……（笑）…ぁ、チョクチョクいるんですよ（笑）ホントに（笑）ウフフ』				
KN243_Sports_1-1-15-01	…もうね。				
KN243_Sports_1-1-16-01	ボクはその時思いましたよ。				
KN243_Sports_1-1-17-01	世間は冷たいんだなぁと。				
KN243_Sports_1-1-18-01	というか人気なさ過ぎやろ！	[著者]	人気なさ過ぎやろ	批評−	[京都サンガ]
KN243_Sports_1-1-19-01	だから西京極でレッズにホームジャックされたりガンバのサポにあの有名な『勝て勝て勝て勝てホームやぞ！！』団幕貼られたりするんじゃー！	[著者]	西京極でレッズにホームジャックされたりガンバのサポにあの有名な『勝て勝て勝て勝てホームやぞ！！』団幕貼られたりするんじゃー！	批評−	[京都サンガ]
KN243_Sports_1-1-19-02	サンガのホームスタジアム。アクセスだけなら関西一…かも	[著者]	アクセスだけなら関西一	メリット＋	サンガのホームスタジアム
KN243_Sports_1-1-20-01	え、弱いから見に行かない？				
KN243_Sports_1-1-21-01	何をおっしゃるウサギさん。				
KN243_Sports_1-1-22-01	なんとサンガは２００３年度の天皇杯で関西勢初のタイトルを獲得してるんですよ！！	[著者]	関西勢初のタイトルを獲得してるんですよ	批評＋	サンガ
KN243_Sports_1-1-23-01	まぁガンバは２年後にＪ１制覇しましたが…				
KN243_Sports_1-1-24-01	しかも現日本代表やフランスリーグで活躍中の松井大輔もサンガ出身なのです！	[著者]	松井大輔もサンガ出身なのです	批評＋	サンガ
KN243_Sports_1-1-25-01	どんなもんじゃー！	[著者]	どんなもんじゃー！	感情＋	[松井大輔もサンガ出身]
KN243_Sports_1-1-26-01	え、じゃあ今どうなのって？				
KN243_Sports_1-1-27-01	それは…まぁ…Ｊ２にいるんですけど…いや確かに３回も落ちてますが…。	[著者]\n[著者]	Ｊ２にいるんです\n３回も落ちてます	批評−\n批評−	[サンガ]\n[サンガ]
KN243_Sports_1-1-28-01	しかも今年は昇格できるかどうかの瀬戸際だし…	[著者]	今年は昇格できるかどうかの瀬戸際	批評−	[サンガ]
KN243_Sports_1-1-29-01	…と、とにかく！				
KN243_Sports_1-1-30-01	ヒマな大学生の人はチケット買って西京極でボクと握手！				
KN243_Sports_1-1-31-01	…じゃなくて一緒に応援！				
KN253_Sports_1-1-1-01	［スポーツ］サッカーから伺えるルールとの付き合い方				
KN253_Sports_1-1-2-01	私自身は全くのサッカー素人なのですが、サッカーでは、単にルールを遵守する事だけがベストではないとされています。	[不定]	単にルールを遵守する事だけがベストではない	当為	サッカー
KN253_Sports_1-1-3-01	実際、この素人目にも、サッカーを見ていてそういう雰囲気が見て取れます。				
KN253_Sports_1-1-4-01	相手のカウンターを阻止する為にわざと軽いファールをしたり、リードしているチームが遅延行為を行ったり、審判の見えないところで相手選手のシャツを引っ張ったり・・・。				
KN253_Sports_1-1-5-01	こうしてみると、単にルールに従うだけが世の中の全てじゃないように思えてきます。	[著者]	単にルールに従うだけが世の中の全てじゃないように思えてきます	当為	単にルールに従うだけ
KN253_Sports_1-1-6-01	そもそもルールとは何のためにあるのか。				
KN253_Sports_1-1-7-01	サッカーの場合、ルールの目的は色々あるようですが、ゲームを楽しくすることがその一つとして挙げられます。				
KN253_Sports_1-1-8-01	選手たちはそうしてできたルールを見た上で、できるだけ自分のチームを勝利へ導けるよう行動するわけです。				
KN253_Sports_1-1-9-01	私たちの社会においても、ただ与えられたルールに従うだけ、というのは宜しくない態度ではないでしょうか。	[著者]	宜しくない態度ではないでしょうか	当為	ただ与えられたルールに従うだけ、というの
KN253_Sports_1-1-10-01	そうした態度は一見おりこうさんにみえて、法にすべてを支配される暗黒の世界を導きかねません。	[著者]	法にすべてを支配される暗黒の世界を導きかねません	当為	そうした態度
KN253_Sports_1-1-11-01	まず、なぜそのルールがあるのかを自分なりに考え、その上でその法とどう向き合っていくか考える態度が、今の社会にも必要だと思います。	[著者]	必要だと思います	当為	なぜそのルールがあるのかを自分なりに考え、その上でその法とどう向き合っていくか考える態度
KN258_Sports_1-1-1-01	［スポーツ］するか見るか				
KN258_Sports_1-1-2-01	スポーツはする派ですか？				
KN258_Sports_1-1-2-02	したい	[著者]	したい	感情＋	[スポーツ]
KN258_Sports_1-1-3-01	見る派ですか？				
KN258_Sports_1-1-3-02	応援				
KN258_Sports_1-1-4-01	私は断然したい派です。	[著者]	断然したい派です	感情＋	[スポーツ]
KN258_Sports_1-1-5-01	特にテニスがすきなんですけど、見ているだけじゃ満足できません！	[著者]\n[著者]	すき\n見ているだけじゃ満足できません	感情＋\n感情−	テニス\nテニス
KN258_Sports_1-1-6-01	めーっちゃ上手い、プロの選手やジュニアのプロ予備軍のような選手の試合は、見るのがすきです。	[著者]	見るのがすきです	感情＋	プロの選手やジュニアのプロ予備軍のような選手の試合
KN258_Sports_1-1-7-01	でも、友達がやっているのを見ていると体中がムズムズしてきて、あー！とかひゃー！といった奇声を発してしまぅので、知らぬ間に周りの友だちは一歩引いています。	[著者]\n[著者]\n周りの友だち	体中がムズムズしてきて\nあー！とかひゃー！といった奇声を発してしまぅ\n一歩引いています	感情＋\n批評−\n批評−	友達がやっているのを見ている\n友達がやっているのを見ている\nあー！とかひゃー！といった奇声を発してしまぅ
KN258_Sports_1-1-8-01	自分でやっているときなら、ちょっとくらぃ声を出しても「がんばってるやん」の一言で済むので、良いんやけどなぁ。	[著者]	良いんやけどなぁ	批評＋	自分でやっているときなら、ちょっとくらぃ声を出しても
KN258_Sports_1-1-9-01	けれども、この間膝の靭帯を痛めてしまってから、私のスポーツ人生は”応援派”に変わってしまぃました。	[著者]\n[著者]	膝の靭帯を痛めてしまって\n変わってしまぃました	出来事−\n出来事−	私のスポーツ人生\n私のスポーツ人生
KN258_Sports_1-1-10-01	これからは、がんばって奇声を黄色いエールにかえていきたぃです☆	[著者]	奇声を黄色いエールにかえていきたぃです	感情＋	奇声を黄色いエールにかえていき
KN259_Sports_1-1-1-01	［スポーツ］				
KN259_Sports_1-1-2-01	運動は好きなほうです。	[著者]	好きなほうです	感情＋	運動
KN259_Sports_1-1-3-01	よくドンくさいって言われるけど、運動神経はそこそこあるつもり。	[不定]\n[著者]	よくドンくさいって言われる\n運動神経はそこそこあるつもり	批評−\n批評＋	[不定]\n[不定]
KN259_Sports_1-1-4-01	でもやっぱりスポーツをしていてしみじみ痛感するのは、男と女の体は根本的に違うなぁってこと。				
KN259_Sports_1-1-5-01	高校の部活の合宿のときに思い知らされました。				
KN259_Sports_1-1-6-01	ぜんぜん体力が違う！！				
KN259_Sports_1-1-7-01	筋力が違う！！				
KN259_Sports_1-1-8-01	なんか神様、不公平・・・	[著者]	不公平	批評−	[筋力が違う！！]
KN259_Sports_1-1-9-01	男性諸君、このこと忘れないでやぁ（＞◆＜）	[著者]	このこと忘れないでやぁ	当為	[男と女の体は根本的に違うなぁってこと]
KN259_Sports_1-1-10-01	まぁ。。。				
KN259_Sports_1-1-11-01	女はいろいろ強いし、怖いけどね笑	[著者]\n[著者]	強いし\n怖いけどね笑	批評＋\n感情−	女\n女
